name,lattice constants a,lattice constants b,lattice constants c,atomic radii (empirical),atomic radii (clementi),ionic radii (pauling),ionic radii (shannon),covalent radii,covalent radii (sigle bond),covalent radii (double bond),Van der Waals radius,metal radii (waber),valence electron distance (schubert),core electron distance (schubert),pseudo-potential radii (zunger),first ionization energy,second ionization energy,third ionization energy,electronic affinity,atomization enthalpy,vaporization enthalpy,fusion enthalpy,cohesive energy (Brewer),total energy,electron number,valence electron number,s,p,d,f,effective nuclear charge (slater),effective nuclear charge (clementi),periodic number,group number,electronegativity (martynov&batsanov),electronegativity (pauling),electronegativity (alfred-rochow),modulus compression,thermal conductivity,specific heat,temperature melting,temperature boiling,"atomic volume(villars,daams)","atomic weight(villars,daams)",atomic density,Orbital energy 1s,Orbital energy 2s,Orbital energy 2p,Orbital energy 3s,Orbital energy 3p,Orbital energy 3d,Orbital energy 4s,Orbital energy 4p,Orbital energy 4d,Orbital energy 4f,Orbital energy 5s,Orbital energy 5p,Orbital energy 5d,Orbital energy 5f,Orbital energy 6s,Orbital energy 6p,Orbital energy 6d,Orbital energy 6f,Orbital energy 7s,lowest energy of the atomic orbitals,2nd lowest energy of the atomic orbitals,3rd lowest energy of the atomic orbitals,4th lowest energy of the atomic orbitals,5th lowest energy of the atomic orbitals,6th lowest energy of the atomic orbitals,7th lowest energy of the atomic orbitals,8th lowest energy of the atomic orbitals
abbrTex,$a$,$b$,$c$,$r_{ae}$,$r_{ac}$,$r_{ip}$,$r_{is}$,$r_{c}$,$r_{csb}$,$r_{cdb}$,$r_{vdw}$,$r_m$,$d_{ve}$,$d_{ce}$,$r_{pp}$,$IE_1$,$IE_2$,$IE_3$,$EA$,$H_a$,$H_v$,$H_f$,$E_{coh}$,$E_{tot}$,$e$,$VEC$,$s$,$p$,$d$,$f$,$N_{cs}$,$N_{cc}$,$N_p$,$N_g$,$\chi_m$,$\chi_p$,$\chi_a$,$E_p$,$T_c$,$H_s$,$T_m$,$T_b$,$V_a$,$m$,$\rho_a$,$OB_{1s}$,$OB_{2s}$,$OB_{2p}$,$OB_{3s}$,$OB_{3p}$,$OB_{3d}$,$OB_{4s}$,$OB_{4p}$,$OB_{4d}$,$OB_{4f}$,$OB_{5s}$,$OB_{5p}$,$OB_{5d}$,$OB_{5f}$,$OB_{6s}$,$OB_{6p}$,$OB_{6d}$,$OB_{6f}$,$OB_{7s}$,$E_{low}$,$E_{low2}$,$E_{low3}$,$E_{low4}$,$E_{low5}$,$E_{low6}$,$E_{low7}$,$E_{low8}$
abbr,a,b,c,rae,rac,rip,ris,rc,rcsb,rcdb,rvdw,rm,dve,dce,rpp,IE1,IE2,IE3,EA,Ha,Hv,Hf,Ecoh,Etot,e,VEC,s,p,d,f,Ncs,Ncc,Np,Ng,Xm,Xp,Xa,Ep,Tc,Hs,Tm,Tb,Va,m,rho_a,OB_1s,OB_2s,OB_2p,OB_3s,OB_3p,OB_3d,OB_4s,OB_4p,OB_4d,OB_4f,OB_5s,OB_5p,OB_5d,OB_5f,OB_6s,OB_6p,OB_6d,OB_6f,OB_7s,Elow,Elow2,Elow3,Elow4,Elow5,Elow6,Elow7,Elow8
H,0.47,0.47,0.34,0.25,0.53,0,0,0.31,0.32,0,1.2,0.78,1.86,1.86,1.25,1.3645,0,0,0.754195,0.2267,0.0005,0.006,0.23,0.1121,0.01,0.1,0.1,0,0,0,0.1,0.1,0.1,0.1,2.1,2.2,2.2,0.002,0.001805,1.43,0.014,0.02028,0.1902,0.0100794,0.00000899,0.000233471,0,0,0,0,0,0,0,0,0,0,0,0,0,0,0,0,0,0,0.0233471,0,,0,0,0,0,0
He,0.4242,0.4242,0.4242,0,0.31,0.04,0,0.28,0.46,0,1.43,0.8,1.76,1.76,0.2,2.4672,5.46,0,-0.52,0,0.0001,0,0.001,0,0.02,0.2,0.2,0,0,0,0.17,0.169,0.1,0.8,0.05,0.05,0.05,0,0.001513,0.51931,0.00095,0.00422,0.1906,0.040026,0.00001785,0.057042527,0,0,0,0,0,0,0,0,0,0,0,0,0,0,0,0,0,0,5.7042527,0,0,0,0,0,0,0
Li,0.351,0.351,0.351,1.45,1.67,0.6,0.76,1.28,1.33,1.24,2.12,1.562,3.06,1.75,1.61,0.541,7.5899,12.2876,0.618049,0.1658,0.1536,0.031,0.163,0.1908,0.03,0.1,0.1,0,0,0,0.13,0.128,0.2,0.1,0.9,0.98,0.97,0.116,0.85,0.357,0.453,1.62,0.2162,0.06941,0.0535,0.019376409,0.001194721,0,0,0,0,0,0,0,0,0,0,0,0,0,0,0,0,0,0.1194721,1.9376409,0,0,0,0,0,0
Be,0.22858,0.22858,0.35843,1.05,1.12,0.3,0.45,0.96,1.02,0.9,1.98,1.128,1.8,1.33,1.08,0.9354,1.8273,15.4419,-0.52,0.3373,0.3212,0.083,0.332,0.3743,0.04,0.2,0.2,0,0,0,0.195,0.191,0.2,0.2,1.45,1.57,1.47,1.003,1.9,0.182,1.55,3.243,0.0811,0.0901218,0.1848,0.039403019,0.02057513,0,0,0,0,0,0,0,0,0,0,0,0,0,0,0,0,0,2.057513,3.9403019,0,0,0,0,0,0
B,0.506,0.506,0.506,0.85,0.87,0.2,0.27,0.85,0.85,0.78,1.91,0.98,1.51,1.16,0.795,0.8326,2.5241,3.8064,0.279723,0.5852,0.5247,0.52,0.577,0.6678,0.05,0.3,0.2,0.1,0,0,0.26,0.242,0.2,0.3,1.9,2.04,2.01,1.78,0.27,0.103,2.573,3.931,0.0789,0.10811,0.246,0.656435015,0.034470117,0.013660343,0,0,0,0,0,0,0,0,0,0,0,0,0,0,0,0,1.3660343,3.4470117,0.656435015,0,0,0,0,0
C,0.2464,0.2464,0.6711,0.7,0.67,0.15,0.16,0.76,0.75,0.67,1.77,0.916,1.41,1,0.64,1.1299,2.4471,4.8048,1.2621226,0.7454,0.7393,1.092,0.737,0.9224,0.06,0.4,0.2,0.2,0,0,0.325,0.314,0.2,0.4,2.37,2.55,2.5,5.45,1.4,0.071,3.82,5.1,0.0882,0.120107,0.226,0.994772278,0.050088425,0.01991861,0,0,0,0,0,0,0,0,0,0,0,0,0,0,0,0,1.991861,5.0088425,0.994772278,0,0,0,0,0
N,0.3861,0.3861,0.6265,0.65,0.56,0.12,0.16,0.71,0.71,0.6,1.66,0.88,1.33,1.03,0.54,1.4584,2.9702,4.7611,-0.000725,0.4916,0.0058,0.004,0.492,0.4634,0.07,0.5,0.2,0.3,0,0,0.39,0.383,0.2,0.5,2.85,3.04,3.07,0.012,0.0002583,0.104,0.063,0.0774,0.1289,0.140067,0.0001251,1.401150773,0.067751033,0.026681085,0,0,0,0,0,0,0,0,0,0,0,0,0,0,0,0,2.6681085,6.7751033,1.401150773,0,0,0,0,0
O,0.5403,0.3429,0.5086,0.6,0.48,0.1,0.1,0.66,0.63,0.57,1.5,0.89,1.2,0.85,0.465,1.3665,3.5235,5.512,1.4611136,0.2592,0.0071,0.002,0.26,0.4935,0.08,0.6,0.2,0.4,0,0,0.455,0.445,0.2,0.6,3.32,3.44,3.5,0.011,0.0002658,0.0919,0.055,0.09019,0.1736,0.159994,0.0001429,0.191024628,0.087136314,0.033838116,0,0,0,0,0,0,0,0,0,0,0,0,0,0,0,0,3.3838116,8.7136314,0.191024628,0,0,0,0,0
F,0.55,0.328,0.728,0.5,0.42,0.09,0.8,0.57,0.64,0.59,1.46,0.75,1.16,0.83,0.405,1.7482,3.509,6.292,3.4011898,0.0822,0.0034,0.003,0.084,0.1151,0.09,0.7,0.2,0.5,0,0,0.52,0.51,0.2,0.7,3.78,3.98,4.1,0.011,0.000277,0.0824,0.054,0.08501,0.1855,0.189994,0.0001696,2.418968233,0.015139015,0.04156062,0,0,0,0,0,0,0,0,0,0,0,0,0,0,0,0,1.5139015,4.156062,2.418968233,0,0,0,0,0
Ne,0.4429,0.4429,0.4429,0,0.38,0.06,0,0.58,0.67,0.96,1.58,0.7,1.1,0.79,0.36,2.1638,4.1101,6.3669,-1.2,0,0.0018,0.004,0.002,0,0.1,0.8,0.2,0.6,0,0,0.585,0.576,0.2,0.8,0.05,0.05,0,0.01,0.000491,0.103,0.025,0.0271,0.2221,0.201797,0.00009,3.030816455,0.132280964,0.049803424,0,0,0,0,0,0,0,0,0,0,0,0,0,0,0,0,4.9803424,13.2280964,3.030816455,0,0,0,0,0
Na,0.42906,0.42906,0.42906,1.8,1.9,0.96,1.02,1.66,1.55,1.6,2.5,1.911,3.73,1.07,2.65,0.5156,4.7445,7.1885,0.547926,0.1116,0.1032,0.027,0.111,0.1313,0.11,0.1,0.1,0,0,0,0.22,0.251,0.3,0.1,0.89,0.93,1.01,0.068,1.4,0.123,0.371,1.1561,0.3926,0.229897,0.0968,3.772005618,0.2063771,0.012463613,0.010341505,0,0,0,0,0,0,0,0,0,0,0,0,0,0,0,1.0341505,1.2463613,0.2063771,3.772005618,0,0,0,0
Mg,0.32094,0.32094,0.52108,1.5,1.45,0.63,0.72,1.41,1.39,1.32,2.51,1.602,2.3,1.09,2.03,0.7672,1.509,8.0423,-0.415,0.1536,0.1327,0.09,0.151,0.1594,0.12,0.2,0.2,0,0,0,0.285,0.331,0.3,0.2,1.31,1.31,1.23,0.354,1.6,0.102,0.922,1.363,0.2324,0.24305,0.1738,0.460196921,0.290434139,0.171897083,0.017542716,0,0,0,0,0,0,0,0,0,0,0,0,0,0,0,1.7542716,17.1897083,0.290434139,0.460196921,0,0,0,0
Al,0.40495,0.40495,0.40495,1.25,1.18,0.5,0.535,1.21,1.26,1.13,2.25,1.432,2.01,1.25,1.675,0.6007,1.8897,2.8548,0.43283,0.3395,0.3024,0.111,0.339,0.3748,0.13,0.3,0.2,0.1,0,0,0.35,0.407,0.3,0.3,1.64,1.61,1.47,0.722,2.35,0.0904,0.933,2.74,0.166,0.269815,0.27,0.554804666,0.393482889,0.256403724,0.02868835,0.010264405,0,0,0,0,0,0,0,0,0,0,0,0,0,0,1.0264405,2.868835,0.256403724,0.393482889,0.055480467,0,0,0
Si,0.54309,0.54309,0.54309,1.1,1.11,0.42,0.4,1.11,1.16,1.07,2.19,1.319,1.91,1.18,1.42,0.818,1.6401,3.3613,1.3895212,0.4738,0.3986,0.522,0.463,0.5425,0.14,0.4,0.2,0.2,0,0,0.415,0.429,0.3,0.4,1.98,1.9,1.74,0.988,1.5,0.071,1.683,2.628,0.2002,0.280855,0.233,6.518445729,0.507505844,0.351494041,0.039813919,0.015329307,0,0,0,0,0,0,0,0,0,0,0,0,0,0,1.5329307,3.9813919,0.351494041,0.507505844,0.651844573,0,0,0
P,1.145,0.5503,1.1261,1,0.98,0.36,0.44,1.07,1.11,1.02,1.9,1.28,1.54,1.09,1.24,1.0522,1.9791,3.0285,0.746607,0.3272,0.054,0.007,0.343,0.5405,0.15,0.5,0.2,0.3,0,0,0.48,0.489,0.3,0.5,2.32,2.19,2.06,0.304,0.00236,0.07697,0.317,0.553,0.1899,0.309738,0.1823,7.606193351,0.071343634,0.046377022,0.051236425,0.02060801,0,0,0,0,0,0,0,0,0,0,0,0,0,0,2.060801,4.6377022,0.051236425,0.071343634,0.760619335,0,0,0
S,1.0437,1.2845,2.4369,1,0.88,0.32,0.37,1.05,1.03,0.94,1.89,1.27,1.44,1.03,1.1,1.0396,2.341,3.4954,2.0771042,0.29,0.01,0.018,0.285,0.4128,0.16,0.6,0.2,0.4,0,0,0.545,0.548,0.3,0.6,2.65,2.58,2.44,0.178,0.00205,0.0705,0.386,0.71782,0.2552,0.32065,0.196,8.779007814,0.077354037,0.575690996,0.006931203,0.026167613,0,0,0,0,0,0,0,0,0,0,0,0,0,0,0.6931203,2.6167613,0.077354037,0.575690996,0.877900781,0,0,0
Cl,0.62235,0.44561,0.81785,1,0.79,0.28,0.27,1.02,0.99,0.95,1.82,0.91,1.41,1,1.01,1.3011,2.3889,3.9749,3.612724,0.1266,0.0212,0.033,0.14,0.18,0.17,0.7,0.2,0.5,0,0,0.61,0.612,0.3,0.7,2.98,3.16,2.83,0.02,0.000089,0.04782,0.172,0.2386,0.2886,0.35453,0.0003214,1.004523418,0.918807841,0.703998538,0.075446196,0.004012002,0,0,0,0,0,0,0,0,0,0,0,0,0,0,0.4012002,7.5446196,0.703998538,0.918807841,0.100452342,0,0,0
Ar,0.5256,0.5256,0.5256,0,0.71,0.2,0,1.06,0.96,1.07,1.83,0.8,1.33,0.92,0.92,1.5813,2.7726,4.0882,-1,0,0.0068,0.012,0.008,0,0.18,0.8,0.2,0.6,0,0,0.675,0.676,0.3,0.8,0.05,0.05,0,0.016,0.0001772,0.052033,0.084,0.0873,0.3756,0.39948,0.0001784,2.02001977,0.143428069,0.844344305,0.088345643,0.038233018,0,0,0,0,0,0,0,0,0,0,0,0,0,0,3.8233018,8.8345643,0.143428069,0.844344305,0.202001977,0,0,0
K,0.5328,0.5328,0.5328,2.2,2.43,1.33,1.38,2.03,1.96,1.93,2.73,2.376,4.6,1.32,3.69,0.4356,3.173,4.5874,0.501459,0.0928,0.0823,0.024,0.093,0.1106,0.19,0.1,0.1,0,0,0,0.22,0.35,0.4,0.1,0.8,0.82,0.91,0.032,1,0.0757,0.337,1.047,0.7572,0.390983,0.0856,12.84150204,1.283900716,1.028385594,0.128189762,0.069464105,0,0.00888154,0,0,0,0,0,0,0,0,0,0,0,0,0.888154,6.9464105,0.128189762,1.028385594,0.128390072,1.284150204,0,0
Ca,0.55884,0.55884,0.55884,1.8,1.94,0.96,1,1.76,1.71,1.47,2.62,1.974,2.7,1.25,3,0.6134,1.1908,5.1085,0.02455,0.1853,0.1566,0.089,0.184,0.1997,0.2,0.2,0.2,0,0,0,0.285,0.44,0.4,0.2,1.17,1,1.04,0.152,2,0.0631,1.111,1.757,0.4633,0.40078,0.155,14.39352501,1.504691222,1.22853819,0.171318082,0.10393205,0,0.014141107,0,0,0,0,0,0,0,0,0,0,0,0,1.4141107,10.393205,0.171318082,1.22853819,0.150469122,1.439352501,0,0
Sc,0.3309,0.3309,0.52733,1.6,1.84,0.8,0.745,1.7,1.48,1.16,2.58,1.941,2.21,1.1,2.75,0.6562,1.2844,2.4846,0.188,0.3929,0.3911,0.166,0.39,0.6335,0.21,0.3,0.2,0,0.1,0,0.3,0.463,0.4,0.3,1.5,1.36,1.2,0.435,0.16,0.0567,1.812,3.104,0.25,0.449559,0.2985,1.604011671,1.720647226,1.424001284,0.198839696,0.123316559,0.013144006,0.016078008,0,0,0,0,0,0,0,0,0,0,0,0,1.3144006,1.6078008,0.123316559,0.198839696,0.142400128,0.160401167,0.172064723,0
Ti,0.29508,0.29508,0.46855,1.4,1.76,0.68,0.86,1.6,1.36,1.17,2.46,1.462,1.81,0.91,2.58,0.6843,1.3624,2.7591,0.084,0.4887,0.4425,0.194,0.485,0.7897,0.22,0.4,0.2,0,0.2,0,0.315,0.482,0.4,0.4,1.86,1.54,1.32,1.051,0.219,0.052,1.933,3.56,0.1764,0.47867,0.4507,1.815665712,0.195470374,1.628534689,0.225801348,0.142294768,0.017001008,0.017346008,0,0,0,0,0,0,0,0,0,0,0,0,1.7001008,1.7346008,0.142294768,0.195470374,0.022580135,0.162853469,0.181566571,0
V,0.303,0.303,0.303,1.35,1.71,0.65,0.79,1.53,1.34,1.12,2.42,1.346,1.61,0.86,2.43,0.6763,1.4706,2.9411,0.52766,0.5348,0.4781,0.237,0.531,0.9087,0.23,0.5,0.2,0,0.3,0,0.33,0.498,0.4,0.5,2.22,1.63,1.45,1.619,0.307,0.0489,2.163,3.65,0.1392,0.509415,0.611,19.52241084,0.309534749,1.843519785,0.252690521,0.161051749,0.02046341,0.017596808,0,0,0,0,0,0,0,0,0,0,0,0,1.7596808,2.046341,0.161051749,0.252690521,0.030953475,0.184351979,1.952241084,0
Cr,0.291,0.291,0.291,1.4,1.66,0.62,0.8,1.39,1.22,1.11,2.45,1.36,1.33,0.84,2.44,0.6789,1.6557,3.1065,0.67584,0.4125,0.3555,0.213,0.41,0.9637,0.24,0.6,0.2,0,0.5,0,0.335,0.513,0.4,0.6,2,1.66,1.56,1.901,0.94,0.0448,2.13,2.945,0.12,0.519961,0.714,2.668120381,2.411362157,2.052638185,0.264908627,0.16604408,0.011812313,0.015044507,0,0,0,0,0,0,0,0,0,0,0,0,1.1812313,1.5044507,0.16604408,0.264908627,0.205263819,0.241136216,0.266812038,0
Mn,0.89125,0.89125,0.89125,1.4,1.61,0.6,0.67,1.39,1.19,1.05,2.45,1.304,1.26,0.79,2.22,0.7461,1.5694,3.3779,-0.52,0.2919,0.2293,0.137,0.292,0.9159,0.25,0.7,0.1,0,0.5,0,0.36,0.523,0.4,0.7,2.04,1.55,1.6,0.596,0.078,0.0479,1.518,2.235,0.122,0.54938,0.747,2.337772323,2.68666589,2.306630808,0.30766842,0.199145096,0.026654013,0.019113609,0,0,0,0,0,0,0,0,0,0,0,0,1.9113609,2.6654013,0.199145096,0.30766842,0.230663081,0.233777232,0.268666589,0
Fe,0.28665,0.28665,0.28665,1.4,1.56,0.59,0.645,1.32,1.16,1.09,2.44,1.274,1.16,0.73,2.11,0.7897,1.6234,3.0753,0.153236,0.433,0.3538,0.144,0.428,0.846,0.26,0.8,0.2,0,0.6,0,0.375,0.543,0.4,0.8,1.67,1.83,1.64,1.683,0.8,0.0449,1.808,3.023,0.1178,0.558445,0.7874,25.4225726,2.956487419,2.555237227,0.336062261,0.022192311,0.029514814,0.02013801,0,0,0,0,0,0,0,0,0,0,0,0,2.013801,2.2192311,0.029514814,0.336062261,0.255523723,0.295648742,2.54225726,0
Co,0.25071,0.25071,0.40695,1.35,1.52,0.62,0.745,1.26,1.11,1.03,2.4,1.252,1.14,0.71,2.02,0.7887,1.7118,3.3613,0.66226,0.4417,0.3977,0.168,0.439,0.711,0.27,0.9,0.2,0,0.7,0,0.39,0.558,0.4,0.9,1.72,1.88,1.7,1.914,1,0.0421,1.768,3.143,0.1108,0.589332,0.89,2.75766526,3.237977354,0.288009638,0.365181375,0.238828615,0.004156803,0.020449711,0,0,0,0,0,0,0,0,0,0,0,0,0.4156803,2.0449711,0.238828615,0.288009638,0.036518138,0.275766526,0.323797735,0
Ni,0.3524,0.3524,0.3524,1.35,1.49,0.59,0.69,1.24,1.1,1.01,2.4,1.246,2.9,1.13,2.18,0.7662,1.8231,3.5287,1.15716,0.4469,0.3898,0.179,0.444,0.5778,0.28,1,0.2,0,0.8,0,0.405,0.571,0.4,1,1.76,1.91,1.75,1.86,0.91,0.0445,1.726,3.005,0.1093,0.586934,0.8908,29.7870967,3.531212895,3.087548482,0.39507189,0.259415925,0.034869917,0.002356401,0,0,0,0,0,0,0,0,0,0,0,0,0.2356401,3.4869917,0.259415925,0.39507189,0.308754848,0.35312129,2.97870967,0
Cu,0.36149,0.36149,0.36149,1.35,1.45,0.96,0.77,1.32,1.12,1.15,2.38,1.278,2.55,1.12,2.04,0.7752,2.0363,3.6962,1.23578,0.3518,0.319,0.136,0.349,0.4099,0.29,1.1,0.1,0,1,0,0.42,0.584,0.4,1.1,1.08,1.9,1.75,1.37,4,0.03844,1.356,2.84,0.1181,0.63546,0.892,3.99932192,3.814132831,3.348132614,0.04070532,0.026924413,0.020227217,0.017205608,0,0,0,0,0,0,0,0,0,0,0,0,1.7205608,2.0227217,0.026924413,0.04070532,0.334813261,0.381413283,0.399932192,0
Zn,0.26649,0.26649,0.49468,1.35,1.42,0.78,0.74,1.22,1.18,1.2,2.39,1.394,2.21,1.25,1.88,0.9427,1.8023,3.9863,-0.62,0.1359,0.1188,0.076,0.135,0.1273,0.3,1.2,0.2,0,1,0,0.435,0.597,0.4,1.2,1.44,1.65,1.66,0.598,1.16,0.0388,0.693,1.18,0.1521,0.65409,0.714,3.449857256,4.153134294,3.664878259,0.457304327,0.030796315,0.039894419,0.022272511,0,0,0,0,0,0,0,0,0,0,0,0,2.2272511,3.0796315,0.039894419,0.457304327,0.344985726,0.366487826,0.415313429,0
Ga,0.45197,0.76633,0.4526,1.3,1.36,0.63,0.62,1.22,1.24,1.17,2.32,1.411,2,1.38,1.695,0.602,2.0582,3.0815,0.43,0.2881,0.2811,0.058,0.281,0.3037,0.31,0.3,0.2,0.1,0,0,0.5,0.622,0.4,0.3,1.7,1.81,1.82,0.569,0.29,0.0371,0.303,2.676,0.1947,0.69723,0.5904,37.01708798,4.520089106,4.009335824,0.056610027,0.358466773,0.008100404,0.032804616,0.010163405,0,0,0,0,0,0,0,0,0,0,0,0.8100404,1.0163405,0.032804616,0.056610027,0.035846677,0.400933582,0.452008911,3.701708798
Ge,0.56575,0.56575,0.56575,1.25,1.25,0.53,0.73,1.2,1.21,1.11,2.29,1.369,1.99,1.22,1.56,0.7926,1.5985,3.4341,1.2326764,0.3917,0.3407,0.331,0.385,0.4623,0.32,0.4,0.2,0.2,0,0,0.565,0.678,0.4,0.4,1.99,2.01,2.02,0.772,0.6,0.03214,1.211,3.103,0.2264,0.7264,0.5323,3.968592905,4.905530915,0.440813112,0.596147486,0.045082222,0.018131616,0.042763021,0.014988214,0,0,0,0,0,0,0,0,0,0,0,1.4988214,1.8131616,0.042763021,0.045082222,0.044081311,0.059614749,0.396859291,0.490553092
As,0.37598,0.37598,1.05475,1.15,1.14,0.46,0.58,1.19,1.21,1.14,1.88,1.39,1.86,1.15,1.415,0.9844,1.8699,2.8444,0.8048,0.3146,0.0332,0.288,0.296,0.4658,0.33,0.5,0.2,0.3,0,0,0.63,0.745,0.4,0.5,2.27,2.18,2.2,0.394,0.5,0.0328,1.09,0.889,0.2152,0.749216,0.5727,0.494466037,0.535750264,4.752789217,0.67307583,0.485172913,0.154276781,0.005567003,0.01975961,0,0,0,0,0,0,0,0,0,0,0,0.5567003,1.975961,0.154276781,0.485172913,0.049446604,0.053575026,0.067307583,0.475278922
Se,0.9054,0.9083,1.1601,1.15,1.03,0.41,0.5,1.2,1.16,1.07,1.82,1.4,1.77,1.04,1.285,0.9785,2.1268,3.093,2.0206047,0.2362,0.0936,0.056,0.225,0.3489,0.34,0.6,0.2,0.4,0,0,0.695,0.829,0.4,0.6,2.54,2.55,2.48,0.091,0.0052,0.03212,0.49,0.9581,0.2727,0.7896,0.4819,45.13004746,0.573835083,5.151502473,0.754727962,0.555352147,0.201175297,0.06212483,0.024580612,0,0,0,0,0,0,0,0,0,0,0,2.4580612,6.212483,0.201175297,0.555352147,0.057383508,0.075472796,0.515150247,4.513004746
Br,0.67265,0.46451,0.87023,1.1,0.94,0.37,0.39,1.2,1.14,1.09,1.86,1.17,1.6,1.01,1.2,1.1855,2.1871,3.6119,3.363588,0.1164,0.0317,0.06,0.122,0.1629,0.35,0.7,0.2,0.5,0,0,0.76,0.903,0.4,0.7,2.83,2.96,2.74,0.025,0.0012,0.09473,0.266,0.3319,0.3277,0.79904,0.312,48.01836212,6.171005162,5.567798673,0.092105745,0.068280533,0.252216521,0.072006635,0.029533414,0,0,0,0,0,0,0,0,0,0,0,2.9533414,6.8280533,0.072006635,0.092105745,0.025221652,0.556779867,0.617100516,4.801836212
Kr,0.5706,0.5706,0.5706,0,0.88,0.3,0,1.16,1.17,1.21,2.25,0.95,1.41,1.02,1.16,1.4047,2.444,3.7076,-0.62,0,0.0094,0.017,0.012,0,0.36,0.8,0.2,0.6,0,0,0.825,0.977,0.4,0.8,0.05,3,0,0.018,0.0000943,0.024805,0.117,0.12085,0.4903,0.83798,0.000375,5.134301364,6.628598482,0.601013089,0.931519647,0.70873034,0.307411084,0.082070039,0.034652024,0,0,0,0,0,0,0,0,0,0,0,3.4652024,8.2070039,0.307411084,0.601013089,0.070873034,0.093151965,0.513430136,0.662859848
Rb,0.5585,0.5585,0.5585,2.35,2.65,1.49,1.52,2.2,2.1,2.02,3.21,2.546,4.9,1.43,4.1,0.4191,2.7373,4.0134,0.485916,0.0841,0.0787,0.023,0.085,0.0969,0.37,0.1,0.1,0,0,0,0.22,0.498,0.5,0.1,0.8,0.82,0.89,0.031,0.58,0.0364,0.312,0.961,0.9284,0.854678,0.1532,5.423781603,7.129123622,6.47847091,0.012426107,0.816541992,0.391550988,0.01990511,0.059217029,0,0,0.008623004,0,0,0,0,0,0,0,0,0.8623004,1.2426107,0.01990511,0.059217029,0.039155099,0.081654199,0.54237816,0.647847091
Sr,0.60849,0.60849,0.60849,2,2.19,1.11,1.18,1.95,1.85,1.57,2.84,2.151,2.92,1.39,3.21,0.5715,1.1066,4.3753,0.05206,0.171,0.1606,0.083,0.172,0.1686,0.38,0.2,0.2,0,0,0,0.285,0.607,0.5,0.2,1.13,0.95,0.99,0.116,0.35,0.03,1.043,1.657,0.5632,0.8762,0.263,5.807029587,7.649185979,0.70339901,1.177159066,0.930279807,0.481350031,0.14553177,0.084538041,0,0,0.013179342,0,0,0,0,0,0,0,0,1.3179342,8.4538041,0.14553177,0.481350031,0.070339901,0.093027981,0.117715907,0.580702959
Y,0.36474,0.36474,0.57306,1.8,2.12,0.93,0.9,1.9,1.63,1.3,2.75,1.801,2.42,1.22,2.94,0.6402,1.2282,2.0592,0.307,0.4382,0.3821,0.119,0.437,0.6467,0.39,0.3,0.2,0,0.1,0,0.3,0.626,0.5,0.3,1.41,1.22,1.11,0.366,0.172,0.0298,1.796,3.611,0.3318,0.889058,0.4472,60.56322717,8.178914133,7.480323698,1.299222324,1.039993099,0.567150172,0.169712482,0.102530049,0.001509641,0,0.015072714,0,0,0,0,0,0,0,0,0.1509641,1.5072714,0.102530049,0.169712482,0.056715017,0.10399931,0.129922232,0.74803237
Zr,0.3232,0.3232,0.5147,1.55,2.06,0.8,0.72,1.75,1.54,1.27,2.52,1.602,1.96,0.98,2.825,0.6864,1.3177,2.3067,0.4333,0.6332,0.5894,0.218,0.625,0.8548,0.4,0.4,0.2,0,0.2,0,0.3,0.645,0.5,0.4,1.7,1.33,1.22,0.833,0.227,0.0278,2.125,4.65,0.2328,0.91224,0.6511,6.393375789,8.723710747,8.00100814,1.423051083,0.121841559,0.654464614,0.191897192,0.119557057,0.015067307,0,0.016239108,0,0,0,0,0,0,0,0,1.5067307,1.6239108,0.119557057,0.121841559,0.019189719,0.065446461,0.142305108,0.639337579
Nb,0.33004,0.33004,0.33004,1.45,1.98,0.77,0.72,1.64,1.47,1.25,2.56,1.468,1.75,0.95,2.76,0.6904,1.4373,2.5126,0.9174,0.7549,0.7074,0.279,0.757,1.0113,0.41,0.5,0.1,0,0.4,0,0.33,0.67,0.5,0.5,2.03,1.6,1.23,1.702,0.54,0.0265,2.741,5.015,0.1807,0.9290364,0.857,67.37628534,9.274094052,8.527221593,0.154093314,0.132630064,0.078783938,0.203669398,0.012685086,0.012932006,0,0.014427279,0,0,0,0,0,0,0,0,1.2685086,1.2932006,0.014427279,0.078783938,0.013263006,0.015409331,0.02036694,0.852722159
Mo,0.3147,0.3147,0.3147,1.45,1.9,0.75,0.69,1.54,1.38,1.21,2.45,1.4,1.46,0.9,2.72,0.7123,1.6203,2.7258,0.7473,0.6844,0.6135,0.374,0.682,1.0862,0.42,0.6,0.1,0,0.5,0,0.345,0.698,0.5,0.6,1.94,2.16,1.3,2.725,1.39,0.0251,2.89,4.885,0.1558,0.9594,1.028,70.92324648,9.850402728,9.079158458,0.170554582,1.371481666,0.825881396,0.223482508,0.139005067,0.015334743,0,0.014788014,0,0,0,0,0,0,0,0,1.4788014,1.5334743,0.139005067,0.170554582,0.022348251,0.08258814,0.137148167,0.907915846
Tc,0.2735,0.2735,0.4388,1.35,1.83,0.72,0.645,1.47,1.28,1.2,2.44,1.36,1.35,0.86,2.65,0.7305,1.5309,2.964,0.55,0.7051,0.6086,0.239,0.685,1.0359,0.43,0.7,0.2,0,0.5,0,0.36,0.723,0.5,0.7,2.18,1.9,1.36,2.97,0.51,0.0063,2.445,5.15,0.143,0.97907,1.15,7.463005982,0.160751597,9.661025637,1.81353117,1.504183522,0.934580449,0.255078523,0.164620079,0.02702622,0,0.018363681,0,0,0,0,0,0,0,0,1.8363681,2.702622,0.160751597,0.164620079,0.025507852,0.093458045,0.150418352,0.181353117
Ru,0.27059,0.27059,0.42815,1.3,1.78,0.69,0.68,1.46,1.25,1.14,2.46,1.339,1.29,0.83,2.605,0.7395,1.6817,2.8569,1.04638,0.6684,0.5897,0.267,0.674,0.9266,0.44,0.8,0.1,0,0.7,0,0.375,0.745,0.5,0.8,1.97,2.2,1.42,3.208,1.2,0.0238,2.583,4.173,0.1357,1.0107,1.237,7.829785858,1.69360622,10.23336981,1.93667013,1.614522475,0.102286849,0.262836426,0.016994908,0.002317501,0,0.015283407,0,0,0,0,0,0,0,0,0.2317501,1.5283407,0.016994908,0.102286849,0.026283643,0.161452248,0.169360622,0.193667013
Rh,0.38034,0.38034,0.38034,1.35,1.73,0.75,0.665,1.42,1.25,1.1,2.44,1.345,1.24,0.78,2.52,0.7486,1.8138,3.1169,1.14289,0.5792,0.5141,0.226,0.575,0.7357,0.45,0.9,0.1,0,0.8,0,0.39,0.764,0.5,0.9,1.99,2.28,1.45,2.704,1.5,0.024,2.239,4,0.1367,1.02905,1.245,82.11371671,11.68070061,1.476410709,2.076561297,1.741530743,0.185725096,0.282550636,0.180645687,0.024142012,0,0.015462408,0,0,0,0,0,0,0,0,1.5462408,2.4142012,0.180645687,0.185725096,0.028255064,0.147641071,0.174153074,0.20765613
Pd,0.38907,0.38907,0.38907,1.4,1.69,0.85,0.86,1.39,1.2,1.17,2.15,1.376,3.2,1.24,2.45,0.8369,1.95,3.3041,0.56214,0.3933,0.376,0.174,0.389,0.5178,0.46,1,0,0,1,0,0.405,0.784,0.5,1,2.08,2.2,1.35,1.808,0.72,0.024,1.825,3.413,0.1469,1.0642,1.2023,8.606295031,12.31076398,0.012268613,2.20609266,1.858080692,1.213220318,0.288974139,0.181521623,0.016077108,0,0,0,0,0,0,0,0,0,0,1.2268613,1.6077108,0.181521623,0.288974139,0.121322032,0.185808069,0.220609266,0.860629503
Ag,0.40853,0.40853,0.40853,1.6,1.65,1.12,1.15,1.45,1.28,1.39,2.53,1.445,2.9,1.3,2.375,0.7602,2.157,3.4954,1.30447,0.296,0.268,0.118,0.295,0.2832,0.47,1.1,0.1,0,1,0,0.42,0.803,0.5,1.1,1.07,1.93,1.42,1.007,4.3,0.0235,1.234,2.485,0.1706,1.07868,1.049,90.03251002,12.98598697,12.0913409,2.367844837,2.006764035,1.336780942,0.04150902,0.002740273,0.029870622,0,0.015740708,0,0,0,0,0,0,0,0,0.2740273,1.5740708,0.029870622,0.04150902,0.133678094,0.200676404,0.236784484,1.20913409
Cd,0.29794,0.29794,0.56186,1.55,1.61,0.93,0.95,1.44,1.36,1.44,2.49,1.568,2.4,1.39,2.215,0.9024,1.6962,3.7606,-0.725,0.1165,0.104,0.066,0.116,0.0915,0.48,1.2,0.2,0,1,0,0.435,0.819,0.5,1.2,1.4,1.69,1.46,0.467,0.97,0.023,0.594,1.038,0.2144,1.12411,0.865,9.907728756,13.68325737,12.76359013,0.254150922,0.029681214,1.468932705,0.359607073,0.024246012,0.047053023,0,0.020422882,0,0,0,0,0,0,0,0,2.0422882,2.4246012,0.029681214,0.047053023,0.025415092,0.035960707,0.146893271,0.990772876
In,0.32523,0.32523,0.49461,1.55,1.56,0.76,0.8,1.42,1.42,1.36,2.43,1.663,2.3,1.49,2.05,0.5806,1.8938,2.8132,0.3,0.253,0.2411,0.034,0.252,0.2722,0.49,0.3,0.2,0.1,0,0,0.5,0.847,0.5,0.3,1.63,1.78,1.49,0.411,0.82,0.0233,0.43,2.353,0.2617,1.1411,0.731,98.36479262,14.40784262,13.46365146,2.722061307,2.334578921,1.614045175,0.04122392,0.279583334,0.007528104,0,0.02904975,0.010178212,0,0,0,0,0,0,0,0.7528104,1.0178212,0.02904975,0.04122392,0.027958333,0.161404518,0.233457892,0.272206131
Sn,0.58318,0.58318,0.31819,1.45,1.45,0.65,0.69,1.39,1.4,1.3,2.42,1.623,2.3,1.41,1.88,0.7369,1.4685,3.0607,1.11207,0.3142,0.308,0.073,0.314,0.4009,0.5,0.4,0.2,0.2,0,0,0.565,0.91,0.5,0.4,1.88,1.96,1.72,1.11,0.666,0.0217,0.505,2.543,0.2705,1.1871,0.731,102.6762662,15.15240637,14.18211611,0.029716914,2.511792506,1.765728448,0.454633718,0.040399819,0.100495248,0,0.036934918,0.014445008,0,0,0,0,0,0,0,1.4445008,2.9716914,0.036934918,0.040399819,0.010049525,0.045463372,0.176572845,0.251179251
Sb,0.4307,0.4307,1.1273,1.45,1.33,0.57,0.76,1.39,1.4,1.33,2.47,1.59,2.15,1.32,1.765,0.867,1.6588,2.5386,1.047401,0.2728,0.1724,0.205,0.275,0.4128,0.51,0.5,0.2,0.3,0,0,0.63,0.999,0.5,0.5,2.14,2.05,1.82,0.383,0.24,0.0207,0.904,1.908,0.2997,1.2176,0.6697,13.48235597,1.596375273,14.9214348,0.311184349,2.695626894,1.92399046,0.504964314,0.037057918,0.129734222,0,0.044560521,0.018562309,0,0,0,0,0,0,0,1.8562309,3.7057918,0.044560521,0.129734222,0.031118435,0.050496431,0.159637527,0.192399046
Te,0.44572,0.44572,0.5929,1.4,1.23,0.51,0.97,1.38,1.36,1.28,1.99,1.6,1.82,1.24,1.67,0.904,1.8668,2.8059,1.970875,0.2046,0.1088,0.182,0.223,0.3142,0.52,0.6,0.2,0.4,0,0,0.695,1.081,0.5,0.6,2.38,2.1,2.01,0.23,0.03,0.0201,0.723,1.263,0.3394,1.2776,0.624,17.98319107,1.726178429,1.640859088,3.313750091,2.886686386,0.02958015,0.557290268,0.410008597,0.160838357,0,0.006197003,0.022659411,0,0,0,0,0,0,0,0.6197003,2.2659411,0.02958015,0.160838357,0.04100086,0.055729027,0.164085909,0.172617843
I,0.71802,0.47102,0.98103,1.4,1.15,0.46,0.95,1.39,1.33,1.29,2.04,1.39,1.69,1.17,1.585,1.0487,1.9198,3.3114,3.0590465,0.1111,0.0433,0.081,0.111,0.1519,0.53,0.7,0.2,0.5,0,0,0.76,1.161,0.5,0.7,2.76,2.66,2.21,0.03,0.00449,0.0429,0.387,0.4575,0.4263,1.26904,0.494,11.61815028,17.5075724,16.46038677,3.524336792,3.0831114,2.260070385,0.612131294,0.45725242,0.193817993,0,0.059636629,0.026790413,0,0,0,0,0,0,0,2.6790413,5.9636629,0.193817993,0.45725242,0.061213129,0.226007039,0.30831114,0.352433679
Xe,0.62023,0.62023,0.62023,0,1.08,0.4,0,1.4,1.31,1.35,2.06,1.1,1.54,1.1,1.56,1.2172,2.1278,3.2209,-0.83,0,0.0132,0.024,0.016,0,0.54,0.8,0.2,0.6,0,0,0.825,1.242,0.5,0.8,0.05,2.6,0,0.02,0.0000569,0.015832,0.161,0.1661,0.6401,1.31293,0.00059,12.08787887,18.3327583,17.25996658,3.741547268,0.328944358,2.438445171,0.667835041,0.506421843,0.228666717,0,0.067208632,0.030983515,0,0,0,0,0,0,0,3.0983515,6.7208632,0.228666717,0.328944358,0.050642184,0.066783504,0.243844517,0.374154727
Cs,0.6141,0.6141,0.6141,2.6,2.98,1.65,1.67,2.44,2.32,2.09,3.48,2.731,5.45,1.55,4.31,0.3907,2.3182,3.5121,0.47163,0.0791,0.0692,0.022,0.08,0.0859,0.55,0.1,0.1,0,0,0,0.22,0.636,0.6,0.1,0.77,0.79,0.86,0.02,0.36,0.0242,0.302,0.9516,1.1579,1.32905,0.1879,1.335639741,19.19819652,1.81313527,3.985161033,3.516643988,0.264405327,0.74559703,0.576932877,0.284838737,0,0.092139044,0.050490324,0,0,0.007869904,0,0,0,0,0.7869904,5.0490324,0.092139044,0.264405327,0.028483874,0.057693288,0.074559703,0.133563974
Ba,0.5028,0.5028,0.5028,2.15,2.53,1.26,1.35,2.15,1.96,1.61,3.03,2.243,3.35,1.44,3.402,0.523,1.0036,3.6878,0.14462,0.1872,0.1569,0.083,0.19,0.1925,0.56,0.2,0.2,0,0,0,0.285,0.758,0.6,0.2,1.08,0.89,0.97,0.103,0.18,0.0205,0.998,1.91,0.6299,1.37327,0.351,130.5743885,20.08445404,1.89656921,0.492154236,0.384095984,2.852894669,0.825706497,0.649762512,0.034761377,0,0.115715956,0.069860534,0,0,0.011896706,0,0,0,0,1.1896706,3.4761377,0.069860534,0.115715956,0.038409598,0.049215424,0.064976251,0.08257065
La,0.3772,0.3772,1.2144,1.95,2.47,1.06,1.032,2.07,1.8,1.39,2.98,1.877,2.42,1.34,3.08,0.5596,1.1097,1.925,0.47163,0.4482,0.4182,0.066,0.447,0.4927,0.57,0.3,0.2,0,0.1,0,0.285,0.931,0.6,0.3,1.35,1.1,1.08,0.243,0.13,0.0195,1.193,3.73,0.3741,1.38906,0.6146,13.88225126,2.263792087,2.048525319,4.485669153,3.989585715,3.06267107,0.900054732,0.716812416,0.040121019,0,0.132493664,0.08244984,0.014108507,0,0.013223306,0,0,0,0,1.3223306,1.4108507,0.040121019,0.08244984,0.013249366,0.071681242,0.090005473,0.204852532
Ce,0.362,0.362,0.599,1.85,2.47,1.05,1.1,2.04,1.63,1.37,2.88,1.715,2.4,1.23,4.5,0.5489,1.0889,2.0176,0.65,0.4399,0.4139,0.057,0.432,0.5934,0.58,0.3,0.2,0,0.1,0.1,0.285,1.08,0.6,0.3,1.1,1.12,1.06,0.239,0.11,0.0192,1.071,3.699,0.3478,1.40116,0.6689,14.06763515,2.212485262,20.69252473,4.703530558,0.449828416,3.241258457,0.100874448,0.753219962,0.044854822,0.033744216,0.137016066,0.085011041,0.014055008,0,0.013397406,0,0,0,0,1.3397406,1.4055008,0.033744216,0.044854822,0.008501104,0.010087445,0.013701607,0.044982842
Pr,0.36725,0.36725,1.18354,1.85,2.47,1.04,0.99,2.03,1.76,1.38,2.92,1.828,2.39,1.2,4.48,0.5439,1.0587,2.1736,0.962,0.3698,0.3713,0.072,0.37,0.4777,0.59,0.3,0.2,0,0,0.3,0.285,0.775,0.6,0.3,1.1,1.13,1.07,0.306,0.13,0.0193,1.204,3.785,0.3456,1.40908,0.664,14.69381645,22.74264722,2.821832654,0.493299637,0.43811621,0.340039763,0.096703046,0.761588366,0.415422999,0.015513807,0.129610662,0.077804637,0,0,0.012446506,0,0,0,0,1.2446506,1.5513807,0.077804637,0.096703046,0.012961066,0.034003976,0.0415423,0.043811621
Nd,0.3658,0.3658,1.1799,1.85,2.06,1.03,0.983,2.01,1.74,1.37,2.95,1.821,2.37,1.17,3.99,0.5509,1.0754,2.2131,1.916,0.3407,0.3411,0.074,0.34,0.4765,0.6,0.3,0.2,0,0,0.4,0.285,0.931,0.6,0.3,1.2,1.14,1.07,0.327,0.17,0.019,1.294,3.341,0.3418,1.4424,0.701,150.9699685,23.66141536,22.43519237,5.116128756,0.460910221,3.575453216,1.00008958,0.796782383,0.044582729,0.017954409,0.133493824,0.079850338,0,0,0.013476007,0,0,0,0,1.3476007,1.7954409,0.044582729,0.079850338,0.013349382,0.046091022,0.079678238,0.100008958
Pm,0.3654,0.3654,0.3654,1.85,2.05,1.02,0.97,1.99,1.73,1.35,2.9,1.81,2.35,1.13,3.99,0.5569,1.0941,2.2256,0.129,0.312,0.26,0.08,0.3,0.4747,0.61,0.3,0.2,0,0,0.5,0.285,0.94,0.6,0.3,1.15,1.15,1.07,0.35,0.15,0.019,1.441,3,0.336,1.4491,0.7264,15.89803603,24.59719988,23.34558921,5.342933665,0.486524234,3.762555006,0.012676326,0.008815004,0.459900221,0.02001645,0.137226566,0.081770239,0,0,0.012705306,0,0,0,0,0.8815004,1.2676326,0.012705306,0.02001645,0.008177024,0.013722657,0.045990022,0.048652423
Sm,0.3621,0.3621,2.625,1.85,2.38,1.01,0.958,1.98,1.72,1.34,2.87,1.802,2.33,1.11,4.14,0.5649,1.1107,2.3764,0.162,0.215,0.1714,0.088,0.214,0.4716,0.62,0.3,0.2,0,0,0.6,0.285,0.801,0.6,0.3,1.2,1.17,1.07,0.294,0.13,0.0196,1.345,2.064,0.3318,1.5036,0.7353,161.7184796,25.54989687,24.27298426,5.573115975,5.008428411,0.040385691,0.148466771,0.867269096,0.481498031,0.003056002,0.140855268,0.008718704,0,0,0.012825906,0,0,0,0,0.3056002,0.8718704,0.012825906,0.040385691,0.014085527,0.014846677,0.048149803,0.08672691
Eu,0.4581,0.4581,0.4581,1.85,2.31,1.01,1.17,1.98,1.68,1.34,2.83,1.799,2.29,1.1,3.94,0.569,1.1294,2.522,0.864,0.1823,0.183,0.097,0.186,1.027,0.63,0.3,0.2,0,0,0.7,0.285,0.811,0.6,0.3,1.15,1.15,1.01,0.147,0.14,0.0182,1.095,1.87,0.4813,1.51964,0.5244,17.47094059,26.51996613,25.2176818,5.806815587,0.548198963,4.147203591,0.190774792,0.902545933,0.503242242,0.023277491,0.144408769,0.086055041,0,0,0.012942678,0,0,0,0,1.2942678,2.3277491,0.086055041,0.144408769,0.019077479,0.050324224,0.054819896,0.090254593
Gd,0.3636,0.3636,0.57826,1.8,2.33,1,0.938,1.96,1.69,1.35,2.79,1.802,2.22,1.09,3.91,0.6161,1.2334,2.079,0.137,0.4134,0.313,0.104,0.414,1.4083,0.64,0.3,0.2,0,0.1,0.7,0.285,0.822,0.6,0.3,1.1,1.2,1.11,0.383,0.11,0.024,1.585,3.539,0.331,1.5725,0.7901,172.862603,27.53632658,0.262241726,6.076443717,5.483703832,0.444255813,1.198649183,0.966987136,0.553251266,0.049128024,0.160847777,0.097879519,0.012722006,0,0.014365407,0,0,0,0,1.2722006,1.4365407,0.049128024,0.097879519,0.016084778,0.026224173,0.044425581,0.055325127
Tb,0.3601,0.3601,0.56936,1.75,2.25,0.99,0.923,1.94,1.68,1.35,2.87,1.782,2.2,1.08,3.89,0.587,1.1565,2.2069,1.165,0.4042,0.4066,0.112,0.405,0.4578,0.65,0.3,0.2,0,0,0.9,0.285,0.83,0.6,0.3,1.2,1.2,1.1,0.399,0.11,0.0182,1.633,3.396,0.3213,1.58925,0.8219,178.5332799,28.51211517,27.15907154,0.669156621,0.568019073,4.544409181,1.212049182,0.973564167,0.54676647,0.025631112,0.151367873,0.088728443,0,0,0.013167706,0,0,0,0,1.3167706,2.5631112,0.088728443,0.151367873,0.054676647,0.056801907,0.066915662,0.097356417
Dy,0.3593,0.3593,0.56537,1.75,2.28,0.98,1.7,1.92,1.67,1.33,2.81,1.773,2.18,1.07,3.67,0.5951,1.171,2.3192,0.352,0.302,0.3047,0.115,0.304,0.46,0.66,0.3,0.2,0,0,1,0.285,0.834,0.6,0.3,1.15,1.22,1.1,0.384,0.11,0.0167,1.68,2.835,0.3152,1.625,0.8551,184.323047,29.53429978,2.883854485,6.529947334,5.909195936,4.748942279,0.131925703,0.101489149,0.568635473,0.026622733,0.154797774,0.090349403,0,0,0.013276906,0,0,0,0,1.3276906,2.6622733,0.090349403,0.101489149,0.01319257,0.015479777,0.056863547,0.288385449
Ho,0.35773,0.35773,0.56158,1.75,2.26,0.97,0.91,1.92,1.66,1.33,2.83,1.766,2.19,1.04,3.65,0.604,1.1846,2.3098,0.338,0.3128,0.3151,0.177,0.314,0.4578,0.67,0.3,0.2,0,0,1.1,0.285,0.844,0.6,0.3,1.2,1.23,1.1,0.397,0.16,0.0165,1.743,2.968,0.3112,1.6493,0.8795,190.2053433,30.57491068,2.962100822,6.778552454,0.621230699,4.956601979,1.298602623,0.015930308,0.590651284,0.027267713,0.158208876,0.092039404,0,0,0.013384506,0,0,0,0,1.3384506,1.5930308,0.027267713,0.092039404,0.015820888,0.059065128,0.06212307,0.129860262
Er,0.35588,0.35588,0.55874,1.75,2.26,0.96,0.89,1.89,1.65,1.33,2.79,1.757,2.15,1.02,3.63,0.6121,1.197,2.2953,0.312,0.3298,0.2912,0.207,0.329,0.4567,0.68,0.3,0.2,0,0,1.2,0.285,0.848,0.6,0.3,1.2,1.24,1.11,0.411,0.15,0.0168,1.795,3.136,0.3064,1.67259,0.9066,196.1800118,3.551064805,0.305987147,0.703659938,6.381954063,5.168217417,0.134914766,0.014917407,0.612744594,0.027857713,0.161607378,0.093520245,0,0,0.013490507,0,0,0,0,1.3490507,1.4917407,0.027857713,0.093520245,0.013491477,0.016160738,0.030598715,0.061274459
Tm,0.35375,0.35375,0.55546,1.75,2.22,0.95,1.3,1.9,1.64,1.31,2.8,1.746,2.03,1.01,3.6,0.6202,1.2095,2.3972,1.029,0.2415,0.2569,0.175,0.242,0.4478,0.69,0.3,0.2,0,0,1.3,0.285,0.858,0.6,0.3,1.2,1.25,1.11,0.4,0.17,0.016,1.818,2.22,0.301,1.68934,0.9321,202.2472579,32.7057277,0.363968182,0.081033039,6.623936979,5.383552056,1.386567346,0.182715188,0.064131032,0.028312734,0.164999079,0.095075566,0,0,0.014273367,0,0,0,0,1.4273367,2.8312734,0.064131032,0.081033039,0.009507557,0.016499908,0.018271519,0.036396818
Yb,0.54847,0.54847,0.54847,1.75,2.22,0.94,1.2,1.87,1.7,1.29,2.74,1.74,1.99,1,3.59,0.6275,1.221,2.5043,-0.02,0.1584,0.1654,0.08,0.16,0.1529,0.7,0.3,0.2,0,0,1.4,0.285,0.859,0.6,0.3,1.1,1.1,1.06,0.133,0.349,0.0154,1.097,1.466,0.4128,1.7304,0.657,2.48694013,33.79791382,3.301823485,7.547666623,0.692265868,5.60263419,1.431208287,1.155825227,0.657571388,0.028640821,0.168388681,0.096613746,0,0,0.013699087,0,0,0,0,1.3699087,2.8640821,0.096613746,0.168388681,0.065757139,0.069226587,0.115582523,0.143120829
Lu,0.35031,0.35031,0.55509,1.75,2.17,0.93,0.861,1.87,1.62,1.31,2.63,1.734,1.94,0.99,3.37,0.5444,1.3946,2.1362,0.346,0.4447,0.4451,0.229,0.443,0.452,0.71,0.3,0.2,0,0.1,1.4,0.3,0.88,0.6,0.3,1.2,1.27,1.14,0.411,0.16,0.0154,1.929,3.668,0.295,1.74967,0.9841,27.48854829,34.93906597,33.43312605,7.846243566,7.153881334,5.859306412,0.151137433,1.225090988,0.711336813,0.056809627,0.01958001,0.017599108,0.010368677,0,0.015511207,0,0,0,0,1.0368677,1.5511207,0.017599108,0.01958001,0.005680963,0.015113743,0.071133681,0.122509099
Hf,0.31964,0.31964,0.50511,1.55,2.08,0.8,0.71,1.75,1.52,1.28,2.53,1.58,1.88,0.97,2.91,0.7024,1.4955,2.3379,0.017,0.644,0.5935,0.265,0.644,0.9954,0.72,0.4,0.2,0,0.2,0,0.315,0.916,0.6,0.4,1.73,1.3,1.23,1.09,0.23,0.0144,2.495,5.47,0.2241,1.7849,1.331,221.0653051,36.10067057,34.56871889,8.152285114,7.445355646,6.123147239,1.588363262,1.297121723,0.767664169,0.087206043,0.205908099,0.12465406,0.014380543,0,0.017290008,0,0,0,0,1.4380543,1.7290008,0.087206043,0.12465406,0.02059081,0.076766417,0.129712172,0.158836326
Ta,0.33013,0.33013,0.33013,1.45,2,0.77,0.72,1.7,1.46,1.26,2.57,1.467,1.7,0.95,2.79,0.7918,1.6255,2.2079,0.323,0.8133,0.7885,0.374,0.81,1.1856,0.73,0.5,0.2,0,0.3,0,0.33,0.953,0.6,0.5,1.94,1.5,1.33,2,0.57,0.014,3.273,5.698,0.1801,1.80948,1.665,227.5372506,37.2828903,3.573247715,0.846807107,7.744097918,6.394255169,0.174217084,1.371981659,0.826585917,0.119934758,0.222380807,0.137653066,0.018246409,0,0.017569608,0,0,0,0,1.7569608,1.8246409,0.119934758,0.137653066,0.017421708,0.022238081,0.082658592,0.084680711
W,0.31652,0.31652,0.31652,1.35,1.93,0.75,0.66,1.62,1.37,1.2,2.49,1.408,1.5,0.92,2.735,0.8008,1.7763,2.4086,0.81626,0.8834,0.8572,0.364,0.89,1.296,0.74,0.6,0.2,0,0.4,0,0.435,0.985,0.6,0.6,1.79,2.36,1.4,3.232,1.74,0.0132,3.683,5.93,0.1586,1.8384,1.925,2.341329824,0.390415887,36.90141501,8.786783418,0.805570594,6.672481939,1.757080543,1.449510968,0.887969726,0.155083574,0.024321812,0.150445772,0.022060311,0,0.018141309,0,0,0,0,1.8141309,2.2060311,0.024321812,0.150445772,0.015508357,0.039041589,0.080557059,0.088796973
Re,0.2761,0.2761,0.4456,1.35,1.88,0.72,0.63,1.51,1.31,1.19,2.48,1.375,1.36,0.83,2.68,0.7907,1.6661,2.6094,0.060396,0.8007,0.7324,0.343,0.803,1.2444,0.75,0.7,0.2,0,0.5,0,0.36,1.012,0.6,0.7,2.06,1.9,1.46,3.72,0.48,0.0137,3.453,5.9,0.147,1.86207,2.102,24.08261556,39.70879246,38.09830519,9.114923682,0.87545822,0.696527534,1.845433386,0.153635881,0.952416457,0.192544092,0.256738523,0.163122778,0.025863912,0,0.018685909,0,0,0,0,1.8685909,2.5863912,0.153635881,0.163122778,0.019254409,0.025673852,0.069652753,0.087545822
Os,0.27344,0.27344,0.43173,1.3,1.85,0.69,0.63,1.44,1.29,1.16,2.41,1.353,1.31,0.81,2.65,0.873,1.6962,2.5095,1.1,0.8226,0.7676,0.322,0.817,1.122,0.76,0.8,0.2,0,0.6,0,0.375,1.032,0.6,0.8,1.85,2.2,1.52,4.18,0.88,0.013,3.318,5.3,0.1391,1.9023,2.259,2.479062891,40.95225926,3.934609889,1.026132893,8.683709408,0.725798656,1.936253629,1.611967874,1.017608689,0.232117647,0.273829467,0.175740484,0.029679114,0,0.019148945,0,0,0,0,1.9148945,2.9679114,0.175740484,0.232117647,0.027382947,0.072579866,0.101760869,0.102613289
Ir,0.3839,0.3839,0.3839,1.35,1.8,0.81,0.68,1.41,1.22,1.15,2.29,1.357,1.24,0.79,2.628,0.9131,1.7066,2.7102,1.56436,0.6919,0.6366,0.27,0.694,0.8864,0.77,0.9,0.2,0,0.7,0,0.39,1.057,0.6,0.9,1.87,2.2,1.55,3.55,1.5,0.0131,2.683,4.403,0.1414,1.92217,2.256,254.3762563,4.775944764,40.55270294,9.7923209,9.010847025,7.548506324,2.029430334,1.696674886,0.149689079,0.273851132,0.29091754,0.189189091,0.033518916,0,0.019551109,0,0,0,0,1.9551109,3.3518916,0.149689079,0.189189091,0.027385113,0.029091754,0.169667489,0.202943033
Pt,0.39242,0.39242,0.39242,1.35,1.77,0.9,0.8,1.36,1.23,1.12,2.32,1.387,3.24,1.26,2.7,0.9031,1.8626,2.911,2.1251,0.5879,0.4878,0.208,0.584,0.6057,0.78,1,0.1,0,0.9,0,0.405,1.075,0.6,1,1.91,2.28,1.44,2.783,0.72,0.0133,2.045,4.1,0.1511,1.95078,2.109,261.3097786,43.48582117,4.356055091,10.12749176,9.331192479,7.840030863,0.239067915,0.178529786,0.206196099,0.303814946,0.295094149,0.18842569,0.027372413,0,0.016134408,0,0,0,0,1.6134408,2.7372413,0.178529786,0.18842569,0.02061961,0.023906792,0.029509415,0.030381495
Au,0.40782,0.40782,0.40782,1.35,1.74,1.11,1.37,1.36,1.24,1.21,2.45,1.442,2.92,1.3,2.66,0.9257,2.0519,3.0108,2.30861,0.3807,0.3568,0.13,0.381,0.3274,0.79,1.1,0.1,0,1,0,0.42,1.094,0.6,1.1,1.19,2.54,1.42,1.732,3.2,0.01291,1.337,3.08,0.1697,1.96966,1.93,26.86283739,4.540899516,43.07259077,0.18645529,9.670704642,8.151179013,2.20783676,1.857948892,1.21318839,0.348682567,0.31139375,0.200249596,0.030490087,0,0.016321608,0,0,0,0,1.6321608,3.0490087,0.18645529,0.200249596,0.031139375,0.034868257,0.121318839,0.185794889
Hg,0.3005,0.3005,0.3005,1.5,1.71,0.97,1.2,1.32,1.33,1.42,2.47,1.573,2.39,1.4,2.41,1.0473,1.8814,3.432,-0.52,0.0638,0.0615,0.024,0.067,0.0304,0.8,1.2,0.2,0,1,0,0.435,1.115,0.6,1.2,1.49,2,1.44,0.382,0.083,0.01395,0.234,0.62973,0.2316,2.0059,1.3534,27.55609023,46.12788614,44.38488898,1.49986572,10.03280846,8.484556873,2.322293215,1.964508303,1.301922726,0.411031997,0.342348764,0.226197609,0.045255222,0,0.02051371,0,0,0,0,2.051371,4.5255222,0.226197609,0.342348764,0.0411032,0.130192273,0.149986572,0.19645083
Tl,0.34566,0.34566,0.55248,1.9,1.56,0.9,1.45,1.45,1.44,1.42,2.6,1.716,2.29,1.53,2.235,0.6129,2.0498,2.9921,0.377,0.1895,0.1727,0.044,0.188,0.2367,0.81,0.3,0.2,0.1,0,0,0.5,1.225,0.6,0.3,1.69,1.62,1.44,0.359,0.46,0.0129,0.577,1.73,0.2841,2.04383,1.185,282.7570765,47.49536032,45.72562175,1.892222508,0.02032961,8.832887247,2.447433175,2.079709158,1.401360673,0.483574933,0.381151383,0.259873125,0.067454432,0,0.028556014,0.010153405,0,0,0,1.0153405,2.032961,0.028556014,0.067454432,0.025987313,0.038115138,0.048357493,0.140136067
Pb,0.49508,0.49508,0.49508,1.8,1.54,0.83,1.19,1.46,1.44,1.35,2.54,1.75,2.32,1.43,2.09,0.7441,1.508,3.2042,0.356743,0.2028,0.1849,0.05,0.203,0.3715,0.82,0.4,0.2,0.2,0,0,0.565,1.229,0.6,0.4,1.92,2.33,1.55,0.43,0.35,0.0127,0.601,2.013,0.3034,2.072,1.134,290.1079454,0.493133737,47.087811,1.169532561,1.435039789,9.188996811,2.575334243,2.199057528,1.503003393,0.559253468,0.046279722,0.294165841,0.090239343,0,0.035718753,0.014183107,0,0,0,1.4183107,3.5718753,0.046279722,0.090239343,0.029416584,0.049313374,0.055925347,0.116953256
Bi,0.6674,0.6117,0.3304,1.6,1.43,0.77,1.3,1.48,1.51,1.41,2.8,1.7,2.25,1.38,1.997,0.7314,1.6744,2.5646,0.942362,0.2154,0.1863,0.113,0.218,0.3898,0.83,0.5,0.2,0.3,0,0,0.63,1.334,0.6,0.5,2.14,2.02,1.67,0.315,0.08,0.0122,0.544,1.883,0.3538,2.0898,0.978,29.75615018,5.030118286,4.85403823,12.06140566,1.828513878,9.553252186,0.273434203,2.321865214,1.608482652,0.638274706,0.461193621,0.329363858,0.02034081,0,0.005172903,0.018019816,0,0,0,0.5172903,1.8019816,0.02034081,0.273434203,0.032936386,0.046119362,0.063827471,0.160848265
Po,0.3359,0.3359,0.3359,1.9,1.35,0.56,0.94,1.4,1.45,1.35,2.93,1.76,2.11,1.3,1.9,0.8509,1.9074,2.7747,1.9,0.1518,0.1048,0.135,0.15,0,0.84,0.6,0.2,0.4,0,0,0.695,1.422,0.6,0.6,2.4,2,1.76,0.26,0.2,0,0.527,1.235,0.3743,2.0898,0.9196,305.0989962,51.72818783,49.87721594,12.47837483,11.59054956,9.925611564,2.842255364,2.448134875,1.717331524,0.720650246,0.502823241,0.365538736,0.138645867,0,0.049352824,0.003077002,0,0,0,0.3077002,4.9352824,0.138645867,0.365538736,0.050282324,0.072065025,0.171733152,0.244813488
At,0,0,0,0,1.27,0.51,0,1.5,1.47,1.38,2.88,1.59,1.89,1.26,1.83,0.963,1.8065,3.0108,2.3,0.0946,0.052,0.062,0.1,0,0.85,0.7,0.2,0.5,0,0,0.76,1.516,0.6,0.7,2.64,2.2,1.96,0.035,0.017,0,0.575,0.61,0.575,2.1,0,0.386500186,53.1818606,51.30444893,1.297154823,11.99950724,1.039637999,2.980952931,2.577827645,1.829518879,0.806348723,0.545338562,0.402706329,0.164878079,0,0.056018927,0.025545312,0,0,0,2.5545312,5.6018927,0.164878079,0.386500186,0.040270633,0.054533856,0.080634872,0.1039638
Rn,0,0,0,0,1.2,0.5,0,1.5,1.42,1.45,2.71,1.4,1.59,1.23,1.88,1.0785,2.0072,3.0108,-0.725,0,0.0188,0.031,0.02,0,0.86,0.8,0.2,0.6,0,0,0.825,1.608,0.6,0.8,0.05,0,0,0.022,0.0000361,0.009365,0.202,0.2114,0.825,2.22,0.000973,39.67564856,54.65782296,5.953305358,13.3369208,12.41729216,1.334501241,0.034280417,0.277298634,0.194679501,0.090371843,0.588968583,0.440870412,0.191132992,0,0.006497003,0.029321614,0,0,0,0.6497003,2.9321614,0.034280417,0.090371843,0.019113299,0.01946795,0.027729863,0.044087041
Fr,0,0,0,0,0,1.74,0,2.6,2.23,2.18,2.82,2.8,6,1.61,4.37,0.39,2.2079,3.2115,0.486,0.0757,0.0572,0.021,0.075,0,0.87,0.1,0.1,0,0,0,0.22,0.8,0.7,0.1,0.7,0.7,0.86,0.02,0.15,0,0.3,0.95,1.3,2.23,0,328.3265326,5.629047702,54.24145004,13.79596983,12.86145417,1.748523139,3.286102877,2.864814482,0.022046211,1.005144482,0.650951913,0.497328239,0.236271113,0,0.009304805,0.046619722,0,0,0.007617604,0.7617604,0.9304805,0.022046211,0.046619722,0.023627111,0.049732824,0.065095191,0.100514448
Ra,0.5148,0.5148,0.5148,2.15,0,1.34,0,2.21,2.01,1.73,2.81,2.26,3.45,1.48,3.53,0.5295,1.014,3.4122,0.1,0.1654,0.1422,0.083,0.166,0,0.88,0.2,0.2,0,0,0,0.165,0.9,0.7,0.2,0.9,0.9,0.97,0.132,0.19,0.0092,0.973,1.413,0.6822,2.26025,0.5,33.62793914,5.771562771,5.582097399,14.26324945,0.133445064,1.234648193,3.452564458,0.307720948,2.220813566,0.182130087,0.71391405,0.554720602,0.281985435,0,0.012390006,0.063714031,0,0,0.002013201,0.2013201,1.2390006,0.063714031,0.133445064,0.018213009,0.028198544,0.030772095,0.05547206
Ac,0.567,0.567,0.567,1.95,2.85,1.14,0,2.15,1.86,1.53,2.83,1.878,2.63,1.16,3.12,0.4936,1.1076,1.6994,0.35,0.4222,0.3047,0.146,0.425,0.4106,0.89,0.3,0.2,0,0.1,0,0.18,0.9,0.7,0.3,1.1,1.1,1,0.25,0.12,0.012,1.323,3.47,0.4557,2.27028,1.007,34.49509556,59.26231661,5.796272782,14.73207867,13.76544601,11.95418004,3.615827736,0.368406177,2.357107851,0.123342559,0.77130817,0.606511291,0.04147522,0,0.12058013,0.074452436,0.013778607,0,0.012655106,1.2655106,1.3778607,0.04147522,0.074452436,0.012058013,0.012334256,0.036840618,0.060651129
Th,0.50842,0.50842,0.50842,1.8,2.51,1.11,0,2.06,1.75,1.43,3.05,1.798,2.24,1.1,4.98,0.5639,1.1939,1.872,1.17,0.6222,0.5342,0.166,0.62,0.7411,0.9,0.3,0.2,0,0.2,0,0.195,0.9,0.7,0.3,1.3,1.3,1.11,0.543,0.54,0.0118,2.02,5.06,0.3295,2.32038,1.1724,352.444078,60.835125,58.82183943,15.2084701,14.22558783,1.246309318,3.781416615,0.337325362,2.495519599,1.339744115,0.828706134,0.658281316,0.362573074,0,0.133377144,0.084692141,0.017289608,0,0.014192007,1.4192007,1.7289608,0.084692141,0.133377144,0.033732536,0.036257307,0.065828132,0.082870613
Pa,0.3925,0.3925,0.3238,1.8,2.33,1.08,0,2,1.69,1.38,3.4,1.63,1.89,1.06,4.96,0.5353,1.1502,1.7815,0.55,0.6313,0.5002,0.156,0.67,0.9517,0.91,0.3,0.2,0,0.1,0.2,0.18,0.9,0.7,0.3,1.5,1.5,1.14,0.76,0.47,0.00991,2.113,4.3,0.2503,2.31036,1.537,360.633536,62.38707305,6.059030708,1.606675331,1.544568541,12.77813013,3.906476875,3.448294655,2.593313345,1.410575377,0.846346706,0.670983322,0.365992976,0.003601302,0.128723334,0.079975638,0.014348007,0,0.012965306,0.3601302,1.2965306,0.014348007,0.079975638,0.012872333,0.036599298,0.067098332,0.084634671
U,0.28537,0.58695,0.49548,1.75,2.21,1.05,0,1.96,1.7,1.34,3.05,1.56,1.74,1.01,4.72,0.5433,1.1669,1.8148,0.53,0.557,0.4338,0.146,0.555,1.1294,0.92,0.3,0.2,0,0.1,0.3,0.18,0.9,0.7,0.3,1.7,1.38,1.22,0.987,0.276,0.0116,1.406,4.018,0.2073,2.38029,1.905,368.9356912,63.97790351,61.91088472,16.11181507,15.09799525,1.319901834,4.052810345,3.585333821,0.278840134,1.502747441,0.882419224,0.701809537,0.386617686,0.036654318,0.132597664,0.083116047,0.014319007,0,0.013094806,1.3094806,1.4319007,0.036654318,0.083116047,0.013259766,0.027884013,0.038661769,0.070180954
Np,0.6663,0.4723,0.4887,1.75,0,1.04,0,1.9,1.71,1.36,2.7,1.555,1.63,1,4.93,0.5512,1.1846,1.8429,0.48,0.4753,0.3501,0.104,0.42,1.2896,0,0.3,0.2,0,0.1,0.4,0.18,0.9,0.7,0.3,1.3,1.36,1.22,0.68,0.06,0,0.913,4.175,0.1922,2.37048,2.045,0,0,0,0,0,0,0,0,0,0,0,0,0,0,0,0,0,0,0,0,0,0,0,0,0,0,0
Pu,0.6183,0.4822,1.0963,1.75,0,1.03,0,1.87,1.72,1.35,0,1.58,1.6,1,4.91,0.513,1.1232,2.0769,-0.5,0.3619,0.3572,0,0.36,1.4321,0,0.3,0.2,0,0,0.6,0.165,0.9,0.7,0.3,1.3,1.28,1.22,0.54,0.06,0,0.914,3.505,0.2,2.44,1.9816,0,0,0,0,0,0,0,0,0,0,0,0,0,0,0,0,0,0,0,0,0,0,0,0,0,0,0
Am,0.34681,0.34681,1.1241,1.75,0,1.02,0,1.8,1.66,1.35,0,1.81,1.62,1,4.89,0.5674,1.2189,1.8886,0.1,0.2766,0.248,0,0.273,0,0,0.3,0.2,0,0,0.7,0.465,0.9,0.7,0.3,1.3,1.3,1.2,0,0.1,0,1.267,2.88,0.2927,2.43,1.367,0,0,0,0,0,0,0,0,0,0,0,0,0,0,0,0,0,0,0,0,0,0,0,0,0,0,0
Cm,0.3496,0.3496,1.1331,0,0,1.01,0,1.69,1.66,1.36,0,1.81,1.9,0.96,4.87,0.5687,1.2407,1.9022,0.28,0.3973,0.3741,0,0.386,0,0,0.3,0.3,0,0,0.7,0.18,0.9,0.7,0.3,1.3,1.3,1.2,0,0.1,0,0.6,1.44,0.2998,2.47,1.351,0,0,0,0,0,0,0,0,0,0,0,0,0,0,0,0,0,0,0,0,0,0,0,0,0,0,0
Bk,0.3416,0.3416,1.1069,0,0,1,0,0,1.68,1.39,0,1.81,1.69,1.04,5,0.5512,1.2615,1.9334,-1.72,0.3026,0.3744,0,0.39,0,0,0.3,0.2,0,0,0.9,0.165,0.9,0.7,0.3,1.3,1.3,1.2,0,0.1,0,1.323,3,0.2818,2.47,1.478,0,0,0,0,0,0,0,0,0,0,0,0,0,0,0,0,0,0,0,0,0,0,0,0,0,0,0
Cf,0.338,0.338,1.1025,0,0,0.99,0,0,1.68,1.4,0,1.81,1.74,1.03,5.02,0.5428,1.1866,2.2391,-1.01,0.182,0.3744,0,0.39,0,0,0.3,0.2,0,0,1,0.165,0.9,0.7,0.3,1.3,1.3,1.2,0,0.1,0,1.173,2.8,0.2727,2.51,1.51,0,0,0,0,0,0,0,0,0,0,0,0,0,0,0,0,0,0,0,0,0,0,0,0,0,0,0
Es,0,0,0,0,0,0.98,0,0,1.65,1.4,0,1.81,1.68,1.02,5.04,0.5498,1.2022,2.3431,-0.3,0.156,0.3744,0,0.39,0,0,0.3,0.2,0,0,1.1,0.165,0.9,0.7,0.3,1.3,1.3,1.2,0,0.1,0,1.133,2.75,0.28,2.52,0,0,0,0,0,0,0,0,0,0,0,0,0,0,0,0,0,0,0,0,0,0,0,0,0,0,0,0
Fm,0,0,0,0,0,0.97,0,0,1.67,1.4,0,1.81,1.7,1.02,5.04,0.557,1.2178,2.444,0.35,0.1466,0.3744,0,0.39,0,0,0.3,0.2,0,0,1.2,0.165,0.9,0.7,0.3,1.3,1.3,1.2,0,0.1,0,1.8,3.8,0.28,2.57,0,0,0,0,0,0,0,0,0,0,0,0,0,0,0,0,0,0,0,0,0,0,0,0,0,0,0,0
