number,3,1,2,3,4,5,6,7,8,9,10,11,12,13,14,15,16,17,18,19,20,21,22,23,24,25,26,27,28,29,30,31,32,33,34,35,36,37,38,39,40,41,42,43,44,45,46,47,48,49,50,51,52,53,54,55,56,57,58,59,60,61,62,63,64,65,66,67,68,69,70,71,72,73,74,75,76,77,78,79,80,81
type,ÂêçÁß∞,ÁªìÊûÑ,ÁªìÊûÑ,ÁªìÊûÑ,ÁªìÊûÑ,ÈïøÂ∫¶,ÈïøÂ∫¶,ÈïøÂ∫¶,ÂçäÂæÑ,ÂçäÂæÑ,ÂçäÂæÑ,ÂçäÂæÑ,ÂçäÂæÑ,ÂçäÂæÑ,ÂçäÂæÑ,ÂçäÂæÑ,ÂçäÂæÑ,ËÉΩÈáè,ËÉΩÈáè,ËÉΩÈáè,ËÉΩÈáè,ËÉΩÈáè,ËÉΩÈáè,ËÉΩÈáè,ËÉΩÈáè,ËÉΩÈáè,ËÉΩÈáè,ËÉΩÈáè,ËÉΩÈáè,ËÉΩÈáè,ËÉΩÈáè,ËÉΩÈáè,Êï∞Èáè,Êï∞Èáè,Êï∞Èáè,Êï∞Èáè,Êï∞Èáè,Êï∞Èáè,Êï∞Èáè,Êï∞Èáè,Êï∞Èáè,Êï∞Èáè,Êï∞Èáè,ÁîµË¥üÊÄ?ÁîµË¥üÊÄ?ÁîµË¥üÊÄ?Ê®°Èáè,Ê®°Èáè,Ê®°Èáè,Ê®°Èáè,ÁÉ≠Áîµ,ÁÉ≠Áîµ,ÁÉ≠Áîµ,ÁÉ≠Áîµ,ÁÉ≠Áîµ,Ê∏©Â∫¶,Ê∏©Â∫¶,ÂÖ∂‰ªñ,ÂÖ∂‰ªñ,ÂÖ∂‰ªñ,ÂÖ∂‰ªñ,ÂÖ∂‰ªñ,ÂÖ∂‰ªñ,ÂÖ∂‰ªñ,ÂÖ∂‰ªñ,ÂÖ∂‰ªñ,ÂÖ∂‰ªñ,ÂÖ∂‰ªñ,ÂÖ∂‰ªñ,ÂÖ∂‰ªñ,ÂÖ∂‰ªñ,ÂÖ∂‰ªñ,ÂÖ∂‰ªñ,ÂÖ∂‰ªñ,ÂÖ∂‰ªñ,ÂÖ∂‰ªñ,ÂÖ∂‰ªñ,ÂÖ∂‰ªñ,ÂÖ∂‰ªñ,ÂÖ∂‰ªñ,ÂÖ∂‰ªñ,ÂÖ∂‰ªñ,,,
Chinese feature,ÂÖÉÁ¥†Â∫èÂè∑,0kÁ®≥ÂÆöÁªìÊûÑ,ÂçáÊ∏©ÁªìÊûÑ2,ÂçáÊ∏©ÁªìÊûÑ3,ÂÆ§Ê∏©Á®≥ÂÆöÁªìÊûÑ,aÊô∂Ê†ºÂ∏∏Êï∞ÔºàLatticeConstantsÔº?bÊô∂Ê†ºÂ∏∏Êï∞ÔºàLatticeConstantsÔº?cÊô∂Ê†ºÂ∏∏Êï∞ÔºàLatticeConstantsÔº?ÂéüÂ≠êÂçäÂæÑ2(ÈÖç‰ΩçÊï?2Ôº?ÂéüÂ≠êÂçäÂæÑ3(ÈÖç‰ΩçÊï?2Ôº?paulingÁ¶ªÂ≠êÂçäÂæÑ,ShannonÁ¶ªÂ≠êÂçäÂæÑ(ÊúÄÈ´ò‰ª∑)ÔºåÂéüÂ≠êÂÆûÂçäÂæÑ,ÂÖ±‰ª∑ÂçäÂæÑ,ÈáëÂ±ûÂçäÂæÑ,‰ª∑ÁîµÂ≠êË∑ùÁ¶?Ê†∏ÁîµÂ≠êË∑ùÁ¶?ZungerËµùÂäøÂçäÂæÑ,Á¨¨‰∏ÄÁîµÁ¶ªËÉ?Á¨¨‰∫åÁîµÁ¶ªËÉ?Á¨¨‰∏âÁîµÁ¶ªËÉ?ÁîµÂ≠ê‰∫≤ÂíåËÉ?ÂéüÂ≠êÂåñÁÑì,Ëí∏ÂèëÁÑ?ÁÜîÂåñÁÑ?ÁªìÂêàËÉ?ÊÄªËÉΩ,MiedemaË°®Èù¢ÁÑ?Á©∫‰ΩçÁÑ?ÂäüÂáΩÊï?Á¥ØËÆ°ÁîµÁ¶ªËÉ?ÊúÄ‰ΩéËÉΩÈáèËΩ®ÈÅìËÉΩÈá?Ê¨°‰ΩéËÉΩÈáèËΩ®ÈÅìËÉΩÈáè,‰ª∑ÁîµÂ≠êÊï∞e/a,VEC,‰ª∑ÁîµÂ≠?ÂéüÂ≠êÂÆûÂçäÂæ?‰ª∑ÁîµÂ≠êËΩ®ÈÅìs,‰ª∑ÁîµÂ≠êËΩ®ÈÅìp,‰ª∑ÁîµÂ≠êËΩ®ÈÅìd,‰ª∑ÁîµÂ≠êËΩ®ÈÅìf,ÊúâÊïàÊ†∏ÁîµËç∑Êï∞Slater,ÊúâÊïàÊ†∏ÁîµËç∑Êï∞(Clementi),Âë®Êúü,ÊóèÂè∑,ÁîµË¥üÊÄ?Martynov&Batsanov),ÁîµË¥üÊÄ?Pauling),ÁîµË¥üÊÄ?Alfred-Rochow),ÂéãÁº©Ê®°Èáè,‰ΩìÁßØÊ®°Èáè,ÂàöÂ∫¶Ê®°Èáè,Êù®Ê∞èÊ®°Èáè,ÁÉ≠ÂØºÁé?ÁîµÈòªÁé?ÊØîÁÉ≠,ÁîµÂØºÁé?ÁÉ≠ËÜ®ËÉÄÁ≥ªÊï∞,ÁÜîÁÇπ,Ê≤∏ÁÇπ,Ê≥äÊùæÊØ?ÂéüÂ≠ê‰ΩìÁßØ,Áõ∏ÂØπÂéüÂ≠êË¥®Èáè,Êë©Â∞î‰ΩìÁßØ,ÂØÜÂ∫¶,Â∏ÉÊ∞èÁ°¨Â∫¶,ËΩ®ÈÅìËÉΩÈáè,ËΩ®ÈÅìËÉΩÈáè,ËΩ®ÈÅìËÉΩÈáè,ËΩ®ÈÅìËÉΩÈáè,ËΩ®ÈÅìËÉΩÈáè,ËΩ®ÈÅìËÉΩÈáè,ËΩ®ÈÅìËÉΩÈáè,ËΩ®ÈÅìËÉΩÈáè,ËΩ®ÈÅìËÉΩÈáè,ËΩ®ÈÅìËÉΩÈáè,ËΩ®ÈÅìËÉΩÈáè,ËΩ®ÈÅìËÉΩÈáè,ËΩ®ÈÅìËÉΩÈáè,ËΩ®ÈÅìËÉΩÈáè,ËΩ®ÈÅìËÉΩÈáè,ËΩ®ÈÅìËÉΩÈáè,ËΩ®ÈÅìËÉΩÈáè,ËΩ®ÈÅìËÉΩÈáè,ËΩ®ÈÅìËÉΩÈáè,,,,,,,,,,,,,,,,,,,,,,,,
Chinese definition,ÂÖÉÁ¥†Â∫èÂè∑,0K‰∏ãÁ®≥ÂÆöÁªìÊû?Ê∏©Â∫¶‰ªé‰ΩéÂà∞È´òÁªìÊûÑËΩ¨Âèò,Ê∏©Â∫¶‰ªé‰ΩéÂà∞È´òÁªìÊûÑËΩ¨Âèò,300KÁªìÊûÑ,"Êô∂ËÉûÈïøÂÆΩÈ´?Êô∂ËÉûÈïøÂÆΩÈ´?Êô∂ËÉûÈïøÂÆΩÈ´?""These values derived by J.C. Slater are an empirical set of atomic radii derived by the careful comparison of bond lengths in over 1200 bond types in ionic", metallic," and covalent crystals and molecules""",,paulingÂçäÂæÑ,ShannonÂçäÂæÑ6ÈÖç‰Ωç,‰∏§ÂéüÂ≠ê‰πãÈó¥‰ª•ÂÖ±‰ª∑ÈîÆÁªìÂêàÊó∂Ôºå‰∏§Ê†∏Èó¥Ë∑ùÁ¶ªÁöÑ‰∏ÄÂçä„ÄÇÂÆûÈôÖ‰∏äÊ†∏Èó¥Ë∑ùÁ¶ªÂç≥ÊòØÂÖ±‰ª∑ÈîÆÁöÑÈîÆÈïø„Ä?Âú®ÈáëÂ±ûÊô∂Ê†º‰∏≠ÔºåÁõ∏ÈÇªÈáëÂ±ûÂéüÂ≠êÊ†∏Èó¥Ë∑ùÁ¶ªÁöÑ‰∏ÄÂçäÁß∞‰∏∫ÂéüÂ≠êÁöÑÈáëÂ±ûÂçäÂæÑr=1/2L,S5 distance valence electron (Schubert) ,S6 distance core electron (Schubert) ,,Â§Ñ‰∫éÂü∫ÊÄÅÁöÑÊ∞îÊÄÅÂéüÂ≠êÂ§±Âéª‰∏Ä‰∏™ÁîµÂ≠êÁîüÊà?1‰ª∑ÁöÑÊ∞îÊÄÅÈò≥Á¶ªÂ≠êÊâÄÈúÄË¶ÅÁöÑËÉΩÈáèÁß∞‰∏∫Á¨¨‰∏ÄÁîµÁ¶ªËÉ?I1),,,ÂéüÂ≠êÁöÑÁîµÂ≠ê‰∫≤ÂíåËÉΩÁöÑÊ†áÂáÜÂÆö‰πâÊòØÊåáÂú®0.0K‰∏ãÁöÑÊ∞îÁõ∏‰∏?ÂéüÂ≠êÂíåÁîµÂ≠êÂèçÂ∫îÁîüÊàêË¥üÁ¶ªÂ≠êÊó∂ÊâÄÈáäÊîæÁöÑËÉΩÈáè„Ä?Electron Affinities of Atoms),ÈáëÂ±ûÂçïË¥®ÂèòÊàêÊ∞îÊÄÅÂéüÂ≠êÊó∂ÁöÑÁÑìÂè?,,‰∏§‰∏™ÊàñÂá†‰∏™Ëá™Áî±Áä∂ÊÄÅÁöÑÁ≤íÂ≠êÁªìÂêàÂú®‰∏ÄËµ∑Êó∂ÈáäÊîæÁöÑËÉΩÈá?,Ôº?,Êää‰∏Ä‰∏™ÁîµÂ≠ê‰ªéÂõ∫‰ΩìÂÜÖÈÉ®ÂàöÂàöÁßªÂà∞Ê≠§Áâ©‰ΩìË°®Èù¢ÊâÄÈúÄÁöÑÊúÄÂ∞ëÁöÑËÉΩÈáè,,ËΩ®ÈÅìËÉΩÈáè,ËΩ®ÈÅìËÉΩÈáè,Âπ≥ÂùáÁîµÂ≠êÊï?Âπ≥Âùá‰ª∑ÁîµÂ≠êÊï∞,,,,,,Âú®ÂéüÂ≠êËΩ®ÈÅì‰∏≠ËøêÂä®ÁöÑÁîµÂ≠ê‰∏ç‰ªÖÂèóÂà∞Ê†∏ÁîµËç∑ÁöÑÂê∏Âºï‰ΩúÁî®ËøòÂèóÂà∞ÂÖ∂‰ªñÁîµÂ≠êÁöÑÊéíÊñ•‰ΩúÁî®ÁîµÂ≠ê‰πãÈó¥ÁöÑÊéíÊñ•‰ΩúÁî®Â∞ÜÂáèÂº±ÂéüÂ≠êÊ†∏ÂØπÁîµÂ≠êÁöÑÂê∏Âºï‰ΩúÁî®Âõ†Ê≠§Êàë‰ª¨Áß∞Âê∏ÂºïÁîµÂ≠êÁöÑÂáÄÊ≠£ÁîµËç∑‰∏∫ÊúâÊïàÊ†∏ÁîµËç∑„Ä?,,,,L.C.È≤çÊûóÊèêÂá∫ÁöÑÊ†áÂ∫¶„ÄÇÊ†πÊçÆÁÉ≠ÂåñÂ≠¶Êï∞ÊçÆÂíåÂàÜÂ≠êÁöÑÈîÆËÉΩÔºåÊåáÂÆöÊ∞üÁöÑÁîµË¥üÊÄß‰∏∫4.0ÔºåÈîÇÁöÑÁîµË¥üÊÄ?.0ÔºåËÆ°ÁÆóÂÖ∂‰ªñÂÖÉÁ¥†ÁöÑÁõ∏ÂØπÁîµË¥üÊÄß„Ä?,,,,,,,,,,,,,,,,,,,,,,,,,,,,,,,,,,,,,,,,,,,,,
unit,/,/,/,/,/,100pm,100pm,100pm,100pm,100pm,100pm,100pm,100pm,100pm,100pm,100pm,100pm,eV,eV,eV,eV,eV,eV,eV,eV,eV,eV,eV,eV,eV,eV,eV,1,1,1,1,1,1,1,1,1,1,1,1,1,1,GPa,GPa,GPa,GPa,W(m*K)-1,10^-8Œ©m,kJ*(kgK)-1,10^7S*m-1,10^-6K-1,K,K,1,10^-2nm3,1,cm3*mol-1,g/L,M*N*m-2,KJ/mol,KJ/mol,KJ/mol,KJ/mol,KJ/mol,KJ/mol,KJ/mol,KJ/mol,KJ/mol,KJ/mol,KJ/mol,KJ/mol,KJ/mol,KJ/mol,KJ/mol,KJ/mol,KJ/mol,KJ/mol,KJ/mol
temperature,/,0k,?,?,300K,300K,300K,300K,?,?,?,?,?,?,?,?,?,?,?,?,0k,Ôº?Ôº?ÂÆ§Ê∏©,0k,0k,Ôº?Ôº?Ôº??,0k,0k,Ôº?Ôº?Ôº?Ôº?Ôº?Ôº?Ôº?Ôº?Ôº?Ôº?Ôº?Ôº?Ôº?Ôº?ÂÆ§Ê∏©,ÂÆ§Ê∏©,ÂÆ§Ê∏©,ÂÆ§Ê∏©,ÂÆ§Ê∏©,ÂÆ§Ê∏©,ÂÆ§Ê∏©,ÂÆ§Ê∏©,ÂÆ§Ê∏©,?,?,ÂÆ§Ê∏©,ÂÆ§Ê∏©,ÂÆ§Ê∏©,ÂÆ§Ê∏©,ÂÆ§Ê∏©,ÂÆ§Ê∏©,/,/,/,/,/,/,/,/,/,/,/,/,/,/,/,/,/,/,/,,,,,,,,,,,,,,,,,,,
source,/,/,/,/,/,1,1,1,2,"1,2",5,3,"1,2","2,5",5,5,5,"1,2,5","1,2,5","1,2,5","1,2,5","1,5","1,2,5","1,2,",5,5,5,5,5,"1,2,5",5,5,5,5,6,10,10,10,10,5,5,5,5,5,"1,2,5",2,5,5,5,5,"1,2",2,1,1,1,"4,5","4,5","1,2",5,"1,2,5","1,2,5",1,2,/,/,/,/,/,/,/,/,/,/,/,/,/,/,/,/,/,/,/
name,element number,structure of 0k,structure 2,structure 3,structure of room temperature,lattice constants a,lattice constants b,lattice constants c,atomic radii (empirical),atomic radii (clementi),ionic radii (pauling),ionic radii (shannon),covalent radii,metal radii (waber),valence electron distance (schubert),core electron distance (schubert),pseudo-potential radii (zunger),first ionization energy,second ionization energy,third ionization energy,electronic affinity,atomization enthalpy,vaporization enthalpy,fusion enthalpy,cohesive energy (Brewer),total energy,surface miedema enthalpy,vacancies miedema enthalpy ,work function,accumulate ionization energy,lowest energy of the atomic orbitals,2nd lowest energy of the atomic orbitals,electron number,valence electron number,valence electron number/radii,s,p,d,f,effective nuclear charge (slater),effective nuclear charge (clementi),periodic number,group number,electronegativity (martynov&batsanov),electronegativity (pauling),electronegativity (alfred-rochow),modulus compression,modulus bulk,modulus rigidity,modulus young,thermal conductivity,electrical resistivity,specific heat,electrical conductivity,thermal expansion,temperature melting,temperature boiling,poisson ratio,"atomic volume(villars,daams)","atomic weight(villars,daams)",molar volume¬†, atomic density,brinell hardness,Orbital energy 1s,Orbital energy 2s,Orbital energy 2p,Orbital energy 3s,Orbital energy 3p,Orbital energy 3d,Orbital energy 4s,Orbital energy 4p,Orbital energy 4d,Orbital energy 4f,Orbital energy 5s,Orbital energy 5p,Orbital energy 5d,Orbital energy 5f,Orbital energy 6s,Orbital energy 6p,Orbital energy 6d,Orbital energy 6f,Orbital energy 7s
abbrTex,/,$S_1$,$S_2$,$S_3$,$S_t$,$a$,$b$,$c$,$r_{ae}$,$r_{ac}$,$r_{ip}$,$r_{is}$,$r_{c1}$,$r_m$,$d_{ve}$,$d_{ce}$,$r_{pp}$,$IE_1$,$IE_2$,$IE_3$,$EA$,$H_a$,$H_v$,$H_f$,$E_{coh}$,$E_{tot}$,$E_s$,$E_v$,$W_f$,$IE_{3s}$,$E_{low}$,$E_{low2}$,$e$,$VEC$,$VEC_{pr}$,$s$,$p$,$d$,$f$,$N_{cs}$,$N_{cc}$,$N_p$,$N_g$,$\chi_m$,$\chi_p$,$\chi_a$,$E_p$,$E_b$,$E_{ri}$,$Y$,$T_c$,$E_r$,$H_s$,$E_c$,$T_e$,$T_m$,$T_b$,$\mu$,$V_a$,$m$,$V_{mol}$,$\rho_a$,$H_b$,$OB_{1s}$,$OB_{2s}$,$OB_{2p}$,$OB_{3s}$,$OB_{3p}$,$OB_{3d}$,$OB_{4s}$,$OB_{4p}$,$OB_{4d}$,$OB_{4f}$,$OB_{5s}$,$OB_{5p}$,$OB_{5d}$,$OB_{5f}$,$OB_{6s}$,$OB_{6p}$,$OB_{6d}$,$OB_{6f}$,$OB_{7s}$
abbr,/,S1,S2,S3,St,a,b,c,rae,rac,rip,ris,rc1,rm,dve,dce,rpp,IE1,IE2,IE3,EA,Ha,Hv,Hf,Ecoh,Etot,Es,Em,Wf,IE3s,Elow,Elow2,e,VEC,VECpr,s,p,d,f,Ncs,Ncc,Np,Ng,Xm,Xp,Xa,Ep,Eb,Eri,Y,Tc,Er,Hs,Ec,Te,Tm,Tb,mu,Va,m,Vmol,rho_a,Hb,OB_1s,OB_2s,OB_2p,OB_3s,OB_3p,OB_3d,OB_4s,OB_4p,OB_4d,OB_4f,OB_5s,OB_5p,OB_5d,OB_5f,OB_6s,OB_6p,OB_6d,OB_6f,OB_7s
H,1,,,,,4.7,4.7,3.4,0.25,0.53,,,0.31,0.78,1.86,1.86,1.25,13.645,,,0.754195,2.267,0.005,0.006,2.3,1.121,,,,13.645,0.233,,1,1,,1,0,0,0,1,1,1,1,2.1,2.2,2.2,0.002,,,,0.1805,,14.3,,,14,20.28,,1.902,1.00794,11210,0.0899,,22.45,,,,,,,,,,,,,,,,,,
He,2,,,,,4.242,4.242,4.242,,0.31,0.04,,0.28,0.8,1.76,1.76,0.2,24.672,54.6,,-0.52,,0.001,0,0.01,,,,,79.272,0.57,,2,2,,2,0,0,0,1.7,1.69,1,8,0.05,0.05,0.05,,,,,0.1513,,5.1931,,,1,4.22,,1.906,4.0026,22424,0.1785,,54.85,,,,,,,,,,,,,,,,,,
Li,3,2,,,2,3.51,3.51,3.51,1.45,1.67,0.6,0.76,1.28,1.562,3.06,1.75,1.61,5.41,75.899,122.876,0.618049,1.658,1.536,0.031,1.63,1.908,0.416,0.416,2.4,204.185,0.012,0.194,3,1,1.67,1,0,0,0,1.3,1.28,2,1,0.9,0.98,0.97,0.116,,4.24,4.9,85,9.5,3.57,1.1,46,453,1620,,2.162,6.941,12.97,535,,18.63,1.15,,,,,,,,,,,,,,,,,
Be,4,3,2,,3,2.2858,2.2858,3.5843,1.05,1.12,0.3,0.45,0.96,1.128,1.8,1.33,1.08,9.354,18.273,154.419,-0.52,3.373,3.212,0.083,3.32,3.743,1.134,0.936,3.9,182.046,0.206,0.394,4,2,6.45,2,0,0,0,1.95,1.91,2,2,1.45,1.57,1.47,1.003,110,156,318,190,3.8,1.82,2.5,11.3,1550,3243,0.032,0.811,9.01218,4.8767,1848,600,37.89,19.78,,,,,,,,,,,,,,,,,
B,5,,,,,5.06,5.06,5.06,0.85,0.87,0.2,0.27,0.85,0.98,1.51,1.16,0.795,8.326,25.241,38.064,0.279723,5.852,5.247,0.52,5.77,6.678,1.248,0.988,4.5,71.631,0.137,0.345,5,3,,2,1,0,0,2.6,2.42,2,3,1.9,2.04,2.01,1.78,,,,27,,1.03,1.00E-11,6,2573,3931,,0.789,10.811,4.3943,2460,,631.19,33.14,13.13,,,,,,,,,,,,,,,,
C,6,,,,,2.464,2.464,6.711,0.7,0.67,0.15,0.16,0.76,0.916,1.41,1,0.64,11.299,24.471,48.048,1.2621226,7.454,7.393,1.092,7.37,9.224,,,4.7,83.818,0.199,0.501,6,4,,2,2,0,0,3.25,3.14,2,4,2.37,2.55,2.5,5.45,,,,140,,0.71,0.01,7.1,3820,5100,,0.882,12.0107,5.3146,2260,,956.51,48.16,19.15,,,,,,,,,,,,,,,,
N,7,,,,,3.861,3.861,6.265,0.65,0.56,0.12,0.16,0.71,0.88,1.33,1.03,0.54,14.584,29.702,47.611,-0.000725,4.916,0.058,0.004,4.92,4.634,,,,91.898,0.267,0.678,7,5,,2,3,0,0,3.9,3.83,2,5,2.85,3.04,3.07,0.012,,,,0.02583,,1.04,,,63,77.4,,1.289,14.0067,11197,1.251,,1347.26,65.15,25.65,,,,,,,,,,,,,,,,
O,8,,,,,5.403,3.429,5.086,0.6,0.48,0.1,0.1,0.66,0.89,1.2,0.85,0.465,13.665,35.235,55.12,1.4611136,2.592,0.071,0.002,2.6,4.935,,,,104.02,0.338,0.871,8,6,,2,4,0,0,4.55,4.45,2,6,3.32,3.44,3.5,0.011,,,,0.02658,,0.919,,,55,90.19,,1.736,15.9994,11196,1.429,,183.68,83.78,32.54,,,,,,,,,,,,,,,,
F,9,,,,,5.5,3.28,7.28,0.5,0.42,0.09,0.8,0.57,0.75,1.16,0.83,0.405,17.482,35.09,62.92,3.4011898,0.822,0.034,0.003,0.84,1.151,,,,115.492,0.151,0.416,9,7,,2,5,0,0,5.2,5.1,2,7,3.78,3.98,4.1,0.011,,,,0.0277,,0.824,,,54,85.01,,1.855,18.9994,11202,1.696,,2325.93,14.56,39.96,,,,,,,,,,,,,,,,
Ne,10,,,,,4.429,4.429,4.429,,0.38,0.06,,0.58,0.7,1.1,0.79,0.36,21.638,41.101,63.669,-1.2,,0.018,0.004,0.02,,,,,126.408,0.498,1.323,10,8,,2,6,0,0,5.85,5.76,2,8,0.05,0.05,,0.01,,,,0.0491,,1.03,,,25,27.1,,2.221,20.1797,22420,0.9,,2914.25,127.19,47.89,,,,,,,,,,,,,,,,
Na,11,2,,,2,4.2906,4.2906,4.2906,1.8,1.9,0.96,1.02,1.66,1.911,3.73,1.07,2.65,5.156,47.445,71.885,0.547926,1.116,1.032,0.027,1.11,1.313,0.312,0.333,2.4,124.486,0.103,0.125,11,1,1.05,1,0,0,0,2.2,2.51,3,1,0.89,0.93,1.01,0.068,,0.53,6.8,140,4.9,1.23,2.1,70,371,1156.1,,3.926,22.9897,23.75,968,0.69,3626.93,198.44,11.98,9.94,,,,,,,,,,,,,,,
Mg,12,3,,,3,3.2094,3.2094,5.2108,1.5,1.45,0.63,0.72,1.41,1.602,2.3,1.09,2.03,7.672,15.09,80.423,-0.415,1.536,1.327,0.09,1.51,1.594,0.645,0.52,3.7,103.186,0.175,1.719,12,2,3.08,2,0,0,0,2.85,3.31,3,2,1.31,1.31,1.23,0.354,35.6,17.3,44.7,160,4.4,1.02,2.3,24.8,922,1363,0.29,2.324,24.305,13.984,1738,260,442.5,279.26,165.29,16.87,,,,,,,,,,,,,,,
Al,13,1,,,1,4.0495,4.0495,4.0495,1.25,1.18,0.5,0.535,1.21,1.432,2.01,1.25,1.675,6.007,18.897,28.548,0.43283,3.395,3.024,0.111,3.39,3.748,0.79,0.655,4.3,53.452,0.103,0.287,13,3,6,2,1,0,0,3.5,4.07,3,3,1.64,1.61,1.47,0.722,75.2,26.2,70.6,235,2.7,0.904,3.8,23.1,933,2740,0.35,1.66,26.9815,9.99,2700,245,533.47,378.35,246.54,27.58,9.87,,,,,,,,,,,,,,
Si,14,,,,,5.4309,5.4309,5.4309,1.1,1.11,0.42,0.4,1.11,1.319,1.91,1.18,1.42,8.18,16.401,33.613,1.3895212,4.738,3.986,0.522,4.63,5.425,0.77,0.624,4.8,58.193,0.153,0.398,14,4,,2,2,0,0,4.15,4.29,3,4,1.98,1.9,1.74,0.988,,39.7,113,150,,0.71,0.0001,2.6,1683,2628,,2.002,28.0855,12.054,2330,,6267.73,487.99,337.97,38.28,14.74,,,,,,,,,,,,,,
P,15,,,,,11.45,5.503,11.261,1,0.98,0.36,0.44,1.07,1.28,1.54,1.09,1.24,10.522,19.791,30.285,0.746607,3.272,0.54,0.007,3.43,5.405,0.645,0.52,,60.598,0.206,0.464,15,5,,2,3,0,0,4.8,4.89,3,5,2.32,2.19,2.06,0.304,,,,0.236,10,0.7697,1,,317,553,,1.899,30.9738,16.991,1823,,7313.64,68.6,44.59,49.27,19.82,,,,,,,,,,,,,,
S,16,,,,,10.437,12.845,24.369,1,0.88,0.32,0.37,1.05,1.27,1.44,1.03,1.1,10.396,23.41,34.954,2.0771042,2.9,0.1,0.018,2.85,4.128,,,,68.761,0.069,0.262,16,6,,2,4,0,0,5.45,5.48,3,6,2.65,2.58,2.44,0.178,,,,0.205,,0.705,1.00E-22,,386,717.82,,2.552,32.065,16.357,1960,,8441.35,74.38,553.55,6.66,25.16,,,,,,,,,,,,,,
Cl,17,,,,,6.2235,4.4561,8.1785,1,0.79,0.28,0.27,1.02,0.91,1.41,1,1.01,13.011,23.889,39.749,3.612724,1.266,0.212,0.033,1.4,1.8,,,,76.649,0.04,0.754,17,7,,2,5,0,0,6.1,6.12,3,7,2.98,3.16,2.83,0.02,,,,0.0089,,0.4782,0.000000001,,172,238.6,,2.886,35.453,11030,3.214,,965.89,883.47,676.92,72.54,3.86,,,,,,,,,,,,,,
Ar,18,,,,,5.256,5.256,5.256,,0.71,0.2,,1.06,0.8,1.33,0.92,0.92,15.813,27.726,40.882,-1,,0.068,0.012,0.08,,,,,84.422,0.382,0.883,18,8,,2,6,0,0,6.75,6.76,3,8,0.05,0.05,,0.016,,,,0.01772,,0.52033,,,84,87.3,,3.756,39.948,22392,1.784,,1942.33,137.91,811.87,84.95,36.76,,,,,,,,,,,,,,
K,19,2,,,2,5.328,5.328,5.328,2.2,2.43,1.33,1.38,2.03,2.376,4.6,1.32,3.69,4.356,31.73,45.874,0.501459,0.928,0.823,0.024,0.93,1.106,0.239,0.25,2.2,81.96,0.089,0.695,19,1,0.75,1,0,0,0,2.2,3.5,4,1,0.8,0.82,0.91,0.032,,1.3,3.5,100,7.5,0.757,1.4,,337,1047,,7.572,39.0983,45.68,856,0.363,12347.59,1234.52,988.83,123.26,66.79,,8.54,,,,,,,,,,,,
Ca,20,1,2,,1,5.5884,5.5884,5.5884,1.8,1.94,0.96,1,1.76,1.974,2.7,1.25,3,6.134,11.908,51.085,0.02455,1.853,1.566,0.089,1.84,1.997,0.624,0.676,2.8,69.127,0.141,1.039,20,2,2.02,2,0,0,0,2.85,4.4,4,2,1.17,1,1.04,0.152,17.2,7.9,19.6,200,3.4,0.631,2.9,22.3,1111,1757,0.31,4.633,40.078,25.857,1550,167,13839.92,1446.82,1181.29,164.73,99.93,,13.6,,,,,,,,,,,,
Sc,21,3,,,3,3.309,3.309,5.2733,1.6,1.84,0.8,0.745,1.7,1.941,2.21,1.1,2.75,6.562,12.844,24.846,0.188,3.929,3.911,0.166,3.9,6.335,1.144,1.196,3.5,44.252,0.131,0.161,21,3,3.7,2,0,1,0,3,4.63,4,3,1.5,1.36,1.2,0.435,56.6,29.1,74.4,16,55,0.567,0.18,10.2,1812,3104,0.28,2.5,44.9559,15.061,2985,750,1542.32,1654.47,1369.23,191.19,118.57,12.64,15.46,,,,,,,,,,,,
Ti,22,3,2,,3,2.9508,2.9508,4.6855,1.4,1.76,0.68,0.86,1.6,1.462,1.81,0.91,2.58,6.843,13.624,27.591,0.084,4.887,4.425,0.194,4.85,7.897,1.487,1.56,4.3,48.058,0.17,0.173,22,4,5.9,2,0,2,0,3.15,4.82,4,4,1.86,1.54,1.32,1.051,108.4,45.6,120.2,21.9,40,0.52,0.25,8.6,1933,3560,0.32,1.764,47.867,10.621,4507,716,1745.83,187.95,1565.9,217.12,136.82,16.35,16.68,,,,,,,,,,,,
V,23,2,,,2,3.03,3.03,3.03,1.35,1.71,0.65,0.79,1.53,1.346,1.61,0.86,2.43,6.763,14.706,29.411,0.52766,5.348,4.781,0.237,5.31,9.087,1.529,1.612,4.3,50.88,0.176,0.205,23,5,8.48,2,0,3,0,3.3,4.98,4,5,2.22,1.63,1.45,1.619,158,46.7,127.6,30.7,20,0.489,0.5,8.4,2163,3650,0.37,1.392,50.9415,8.3374,6110,628,18771.54,297.63,1772.61,242.97,154.86,19.68,16.92,,,,,,,,,,,,
Cr,24,2,1,,2,2.91,2.91,2.91,1.4,1.66,0.62,0.8,1.39,1.36,1.33,0.84,2.44,6.789,16.557,31.065,0.67584,4.125,3.555,0.213,4.1,9.637,1.258,1.248,4.5,54.411,0.118,0.15,24,6,11.5,2,0,5,0,3.35,5.13,4,6,2,1.66,1.56,1.901,160,115.3,279,94,12.7,0.448,0.79,4.9,2130,2945,0.21,1.2,51.9961,7.2317,7140,1120,2565.5,2318.62,1973.69,254.72,159.66,11.36,14.47,,,,,,,,,,,,
Mn,25,,1,,12,8.9125,8.9125,8.9125,1.4,1.61,0.6,0.67,1.39,1.304,1.26,0.79,2.22,7.461,15.694,33.779,-0.52,2.919,2.293,0.137,2.92,9.159,0.884,0.936,4.1,56.934,0.191,0.267,25,7,15.2,1,0,5,0,3.6,5.23,4,7,2.04,1.55,1.6,0.596,,79.5,191,7.8,144,0.479,0.062,21.7,1518,2235,,1.22,54.938,7.3545,7470,196,2247.86,2583.33,2217.91,295.83,191.49,25.63,18.38,,,,,,,,,,,,
Fe,26,2,1,2,2,2.8665,2.8665,2.8665,1.4,1.56,0.59,0.645,1.32,1.274,1.16,0.73,2.11,7.897,16.234,30.753,0.153236,4.33,3.538,0.144,4.28,8.46,1.342,1.456,4.5,54.884,0.201,0.222,26,8,4.68,2,0,6,0,3.75,5.43,4,8,1.67,1.83,1.64,1.683,160,81,208,80,10,0.449,1,11.8,1808,3023,0.29,1.178,55.8445,7.0923,7874,490,24444.77,2842.78,2456.96,323.14,21.34,28.38,19.36,,,,,,,,,,,,
Co,27,3,1,,3,2.5071,2.5071,4.0695,1.35,1.52,0.62,0.745,1.26,1.252,1.14,0.71,2.02,7.887,17.118,33.613,0.66226,4.417,3.977,0.168,4.39,7.11,1.321,1.404,5,58.619,0.042,0.204,27,9,2.7,2,0,7,0,3.9,5.58,4,9,1.72,1.88,1.7,1.914,181.5,82,211,100,6,0.421,1.7,13,1768,3143,0.31,1.108,58.9332,6.62,8900,700,2651.6,3113.44,276.93,351.14,229.64,4,19.66,,,,,,,,,,,,
Ni,28,1,,,1,3.524,3.524,3.524,1.35,1.49,0.59,0.69,1.24,1.246,2.9,1.13,2.18,7.662,18.231,35.287,1.15716,4.469,3.898,0.179,4.44,5.778,1.258,1.352,5.1,61.18,0.024,0.349,28,10,2.74,2,0,8,0,4.05,5.71,4,10,1.76,1.91,1.75,1.86,177.3,76,199.5,91,7.2,0.445,1.4,13.4,1726,3005,0.31,1.093,58.6934,6.5888,8908,700,28641.43,3395.4,2968.8,379.88,249.44,33.53,2.27,,,,,,,,,,,,
Cu,29,1,,,1,3.6149,3.6149,3.6149,1.35,1.45,0.96,0.77,1.32,1.278,2.55,1.12,2.04,7.752,20.363,36.962,1.23578,3.518,3.19,0.136,3.49,4.099,0.988,1.04,4.6,65.077,0.172,0.202,29,11,1.04,1,0,10,0,4.2,5.84,4,11,1.08,1.9,1.75,1.37,137.8,48.4,129.8,400,1.72,0.3844,5.9,16.5,1356,2840,0.34,1.181,63.546,7.0922,8920,874,3845.5,3667.43,3219.36,39.14,25.89,19.45,16.54,,,,,,,,,,,,
Zn,30,3,,,3,2.6649,2.6649,4.9468,1.35,1.42,0.78,0.74,1.22,1.394,2.21,1.25,1.88,9.427,18.023,39.863,-0.62,1.359,1.188,0.076,1.35,1.273,0.634,0.52,4.2,67.313,0.223,0.308,30,12,2.7,2,0,10,0,4.35,5.97,4,12,1.44,1.65,1.66,0.598,69.4,41.9,104.5,116,6,0.388,1.7,30.2,693,1180,0.25,1.521,65.409,9.157,7140,412,3317.17,3993.4,3523.92,439.72,29.61,38.36,21.42,,,,,,,,,,,,
Ga,31,,,,11,4.5197,7.6633,4.526,1.3,1.36,0.63,0.62,1.22,1.411,2,1.38,1.695,6.02,20.582,30.815,0.43,2.881,2.811,0.058,2.81,3.037,0.614,0.499,4,57.416,0.081,0.102,31,3,4.84,2,1,0,0,5,6.22,4,3,1.7,1.81,1.82,0.569,,6.67,9.8,29,14,0.371,0.71,120,303,2676,,1.947,69.723,11.809,5904,60,35593.34,4346.24,3855.13,54.43,344.68,7.79,31.54,9.77,,,,,,,,,,,
Ge,32,4,,,4,5.6575,5.6575,5.6575,1.25,1.25,0.53,0.73,1.2,1.369,1.99,1.22,1.56,7.926,15.985,34.341,1.2326764,3.917,3.407,0.331,3.85,4.623,0.676,0.572,4.8,58.251,0.15,0.181,32,4,7.55,2,2,0,0,5.65,6.78,4,4,1.99,2.01,2.02,0.772,,29.6,79.9,60,,0.3214,0.0002,6,1211,3103,,2.264,72.64,13.645,5323,,3815.95,4716.85,423.86,573.22,43.35,17.43,41.12,14.41,,,,,,,,,,,
As,33,,,,,3.7598,3.7598,10.5475,1.15,1.14,0.46,0.58,1.19,1.39,1.86,1.15,1.415,9.844,18.699,28.444,0.8048,3.146,0.332,0.288,2.96,4.658,0.645,0.52,5.1,56.987,0.056,0.198,33,5,,2,3,0,0,6.3,7.45,4,5,2.27,2.18,2.2,0.394,,,,50,33,0.328,0.33,,1090,889,,2.152,74.9216,13.082,5727,1440,475.45,515.14,4569.99,647.19,466.51,148.34,5.35,19,,,,,,,,,,,
Se,34,,,,,9.054,9.083,11.601,1.15,1.03,0.41,0.5,1.2,1.4,1.77,1.04,1.285,9.785,21.268,30.93,2.0206047,2.362,0.936,0.056,2.25,3.489,,,4.7,61.983,0.246,0.621,34,6,,2,4,0,0,6.95,8.29,4,6,2.54,2.55,2.48,0.091,,,58,0.52,,0.3212,,,490,958.1,0.33,2.727,78.96,16.387,4819,736,43394.26,551.76,4953.37,725.7,533.99,193.44,59.74,23.64,,,,,,,,,,,
Br,35,,,,,6.7265,4.6451,8.7023,1.1,0.94,0.37,0.39,1.2,1.17,1.6,1.01,1.2,11.855,21.871,36.119,3.363588,1.164,0.317,0.06,1.22,1.629,,,,69.845,0.295,0.683,35,7,,2,5,0,0,7.6,9.03,4,7,2.83,2.96,2.74,0.025,,,,0.12,,0.9473,1.00E-17,,266,331.9,,3.277,79.904,25.61,3120,,46171.48,5933.66,5353.65,88.56,65.65,242.52,69.24,28.4,,,,,,,,,,,
Kr,36,,,,,5.706,5.706,5.706,,0.88,0.3,,1.16,0.95,1.41,1.02,1.16,14.047,24.44,37.076,-0.62,,0.094,0.017,0.12,,,,,75.563,0.347,0.821,36,8,,2,6,0,0,8.25,9.77,4,8,0.05,3,,0.018,,,,0.00943,,0.24805,,,117,120.85,,4.903,83.798,22350,3.75,,4936.83,6373.65,577.9,895.69,681.47,295.59,78.91,33.32,,,,,,,,,,,
Rb,37,2,,,2,5.585,5.585,5.585,2.35,2.65,1.49,1.52,2.2,2.546,4.9,1.43,4.1,4.191,27.373,40.134,0.485916,0.841,0.787,0.023,0.85,0.969,0.239,0.25,2.2,71.698,0.086,0.124,37,1,0.68,1,0,0,0,2.2,4.98,5,1,0.8,0.82,0.89,0.031,,0.91,2.4,58,13.3,0.364,0.83,,312,961,,9.284,85.4678,55.788,1532,0.216,5215.17,6854.92,6229.3,11.95,785.14,376.49,19.14,56.94,,,8.29,,,,,,,,
Sr,38,1,3,2,1,6.0849,6.0849,6.0849,2,2.19,1.11,1.18,1.95,2.151,2.92,1.39,3.21,5.715,11.066,43.753,0.05206,1.71,1.606,0.083,1.72,1.686,0.624,0.655,2.4,60.533,0.132,0.845,38,2,1.77,2,0,0,0,2.85,6.07,5,2,1.13,0.95,0.99,0.116,12,6.03,15.7,35,13.5,0.3,0.77,22.5,1043,1657,0.28,5.632,87.62,33.316,2630,,5583.68,7354.98,676.34,1131.88,894.5,462.84,139.93,81.29,,,12.67,,,,,,,,
Y,39,3,2,,3,3.6474,3.6474,5.7306,1.8,2.12,0.93,0.9,1.9,1.801,2.42,1.22,2.94,6.402,12.282,20.592,0.307,4.382,3.821,0.119,4.37,6.467,1.206,1.3,3.1,39.277,0.015,0.151,39,3,3.23,2,0,1,0,3,6.26,5,3,1.41,1.22,1.11,0.366,,25.5,66.3,17.2,60,0.298,0.18,10.6,1796,3611,0.24,3.318,88.9058,19.881,4472,589,58233.84,7864.34,7192.62,1249.25,999.99,545.34,163.19,98.59,1.45,,14.49,,,,,,,,
Zr,40,3,2,,3,3.232,3.232,5.147,1.55,2.06,0.8,0.72,1.75,1.602,1.96,0.98,2.825,6.864,13.177,23.067,0.4333,6.332,5.894,0.218,6.25,8.548,1.695,1.768,4,43.108,0.151,0.162,40,4,5,2,0,2,0,3,6.45,5,4,1.7,1.33,1.22,0.833,89.8,35,98,22.7,43.3,0.278,0.24,5.7,2125,4650,0.34,2.328,91.224,14.011,6511,650,6147.47,8388.18,7693.27,1368.32,117.16,629.29,184.52,114.96,14.49,,15.61,,,,,,,,
Nb,41,2,,,2,3.3004,3.3004,3.3004,1.45,1.98,0.77,0.72,1.64,1.468,1.75,0.95,2.76,6.904,14.373,25.126,0.9174,7.549,7.074,0.279,7.57,10.113,1.934,1.924,4.3,46.403,0.127,0.129,41,5,7.14,1,0,4,0,3.3,6.7,5,5,2.03,1.6,1.23,1.702,170.3,37.5,104.9,54,15.2,0.265,0.67,7.3,2741,5015,0.4,1.807,92.90364,10.841,8570,736,64784.86,8917.39,8199.25,148.17,127.53,75.75,195.84,12.2,12.43,,13.87,,,,,,,,
Mo,42,2,,,2,3.147,3.147,3.147,1.45,1.9,0.75,0.69,1.54,1.4,1.46,0.9,2.72,7.123,16.203,27.258,0.7473,6.844,6.135,0.374,6.82,10.862,1.955,2.08,4.6,50.585,0.148,0.153,42,6,9.68,1,0,5,0,3.45,6.98,5,6,1.94,2.16,1.3,2.725,261.2,125.6,324.8,139,5.5,0.251,2,4.8,2890,4885,0.31,1.558,95.94,9.334,10280,1500,68195.4,9471.54,8729.96,163.99,1318.73,794.12,214.89,133.66,14.74,,14.22,,,,,,,,
Tc,43,3,,,3,2.735,2.735,4.388,1.35,1.83,0.72,0.645,1.47,1.36,1.35,0.86,2.65,7.305,15.309,29.64,0.55,7.051,6.086,0.239,6.85,10.359,1.934,2.028,,52.254,0.184,0.27,43,7,,2,0,5,0,3.6,7.23,5,7,2.18,1.9,1.36,2.97,,,,51,22,0.063,0.5,,2445,5150,,1.43,97.907,8.434782609,11500,,7175.96,154.57,9289.44,1743.78,1446.33,898.63,245.27,158.29,25.99,,17.66,,,,,,,,
Ru,44,3,,,3,2.7059,2.7059,4.2815,1.3,1.78,0.69,0.68,1.46,1.339,1.29,0.83,2.605,7.395,16.817,28.569,1.04638,6.684,5.897,0.267,6.74,9.266,1.81,1.924,4.6,52.781,0.023,0.153,44,8,5.96,1,0,7,0,3.75,7.45,5,8,1.97,2.2,1.42,3.208,286,173,432,120,7.1,0.238,1.4,6.4,2583,4173,0.3,1.357,101.07,8.1706,12370,2160,7528.64,1628.47,9839.77,1862.18,1552.42,98.35,252.73,16.34,2.23,,14.7,,,,,,,,
Rh,45,1,,,1,3.8034,3.8034,3.8034,1.35,1.73,0.75,0.665,1.42,1.345,1.24,0.78,2.52,7.486,18.138,31.169,1.14289,5.792,5.141,0.226,5.75,7.357,1.612,1.716,4.8,56.792,0.155,0.241,45,9,6.16,1,0,8,0,3.9,7.64,5,9,1.99,2.28,1.45,2.704,276,147,379,150,4.3,0.24,2.3,8,2239,4000,0.26,1.367,102.905,8.2655,12450,1100,78955.46,11231.44,1419.63,1996.69,1674.55,178.58,271.68,173.7,23.21,,14.87,,,,,,,,
Pd,46,1,,,1,3.8907,3.8907,3.8907,1.4,1.69,0.85,0.86,1.39,1.376,3.2,1.24,2.45,8.369,19.5,33.041,0.56214,3.933,3.76,0.174,3.89,5.178,1.29,1.404,5.5,60.91,0.123,0.161,46,10,5.41,0,0,10,0,4.05,7.84,5,10,2.08,2.2,1.35,1.808,187,43.6,121,72,10.8,0.24,1,11.8,1825,3413,0.39,1.469,106.42,8.8514,12023,37.3,8275.28,11837.27,11.8,2121.24,1786.62,1166.56,277.86,174.54,15.46,,,,,,,,,,
Ag,47,1,,,1,4.0853,4.0853,4.0853,1.6,1.65,1.12,1.15,1.45,1.445,2.9,1.3,2.375,7.602,21.57,34.954,1.30447,2.96,2.68,0.118,2.95,2.832,0.863,0.936,4,64.126,0.027,0.157,47,11,0.79,1,0,10,0,4.2,8.03,5,11,1.07,1.93,1.42,1.007,103.6,30.3,82.7,430,1.63,0.235,6.2,18.9,1234,2485,0.37,1.706,107.868,10.283,10490,24.5,86569.68,12486.52,11626.28,2276.77,1929.58,1285.37,39.91,2.63,28.72,,15.14,,,,,,,,
Cd,48,3,,,3,2.9794,2.9794,5.6186,1.55,1.61,0.93,0.95,1.44,1.568,2.4,1.39,2.215,9.024,16.962,37.606,-0.725,1.165,1.04,0.066,1.16,0.915,0.593,0.426,4.1,63.593,0.204,0.242,48,12,2.06,2,0,10,0,4.35,8.19,5,12,1.4,1.69,1.46,0.467,51,24,62.6,97,7,0.23,1.4,30.8,594,1038,0.3,2.144,112.411,12.996,8650,203,9526.66,13156.97,12272.68,244.38,28.54,1412.43,345.78,23.31,45.24,,19.64,,,,,,,,
In,49,6,5,,6,3.2523,3.2523,4.9461,1.55,1.56,0.76,0.8,1.42,1.663,2.3,1.49,2.05,5.806,18.938,28.132,0.3,2.53,2.411,0.034,2.52,2.722,0.624,0.478,3.8,52.877,0.075,0.102,49,3,3.7,2,1,0,0,5,8.47,5,3,1.63,1.78,1.49,0.411,,3.68,10.6,82,8,0.233,1.2,32.1,430,2353,,2.617,114.11,15.707,7310,8.83,94581.49,13853.69,12945.81,2617.37,2244.79,1551.97,39.64,268.83,7.24,,27.93,9.79,,,,,,,
Sn,50,4,5,,4,5.8318,5.8318,3.1819,1.45,1.45,0.65,0.69,1.39,1.623,2.3,1.41,1.88,7.369,14.685,30.607,1.11207,3.142,3.08,0.073,3.14,4.009,0.645,0.52,4.4,52.661,0.144,0.297,50,4,5.64,2,2,0,0,5.65,9.1,5,4,1.88,1.96,1.72,1.11,58.2,18.4,49.9,66.6,11.5,0.217,0.91,22,505,2543,0.36,2.705,118.71,16.239,7310,51,98727.13,14569.61,13636.64,28.57,2415.18,1697.82,437.15,38.85,96.63,,35.51,13.89,,,,,,,
Sb,51,7,,,7,4.307,4.307,11.273,1.45,1.33,0.57,0.76,1.39,1.59,2.15,1.32,1.765,8.67,16.588,25.386,1.047401,2.728,1.724,0.205,2.75,4.128,0.52,0.416,4.1,50.645,0.186,0.371,51,5,8.07,2,3,0,0,6.3,9.99,5,5,2.14,2.05,1.82,0.383,,20.7,54.7,24,40,0.207,,11,904,1908,,2.997,121.76,18.181,6697,294,12963.8,1534.98,14347.53,299.22,2591.95,1849.99,485.54,35.63,124.74,,42.85,17.85,,,,,,,
Te,52,,,,,4.4572,4.4572,5.929,1.4,1.23,0.51,0.97,1.38,1.6,1.82,1.24,1.67,9.04,18.668,28.059,1.970875,2.046,1.088,0.182,2.23,3.142,,,4.7,55.767,0.062,0.227,52,6,,2,4,0,0,6.95,10.81,5,6,2.38,2.1,2.01,0.23,,16.7,47.1,3,,0.201,0.001,,723,1263,,3.394,127.76,20.449,6240,180,17291.52,1659.79,1577.75,3186.3,2775.66,28.44,535.86,394.24,154.65,,5.96,21.79,,,,,,,
I,53,,,,,7.1802,4.7102,9.8103,1.4,1.15,0.46,0.95,1.39,1.39,1.69,1.17,1.585,10.487,19.198,33.114,3.0590465,1.111,0.433,0.081,1.11,1.519,,,,62.799,0.268,0.596,53,7,,2,5,0,0,7.6,11.61,5,7,2.76,2.66,2.21,0.03,,,,0.449,,0.429,1.00E-14,,387,457.5,,4.263,126.904,25.689,4940,,11171.29,16834.2,15827.29,3388.78,2964.53,2173.14,588.59,439.67,186.36,,57.34,25.76,,,,,,,
Xe,54,,,,,6.2023,6.2023,6.2023,,1.08,0.4,,1.4,1.1,1.54,1.1,1.56,12.172,21.278,32.209,-0.83,,0.132,0.024,0.16,,,,,65.659,0.31,0.672,54,8,,2,6,0,0,8.25,12.42,5,8,0.05,2.6,,0.02,,,,0.00569,,0.15832,,,161,166.1,,6.401,131.293,22300,5.9,,11622.95,17627.64,16596.11,3597.64,316.29,2344.66,642.15,486.94,219.87,,64.62,29.79,,,,,,,
Cs,55,2,,,2,6.141,6.141,6.141,2.6,2.98,1.65,1.67,2.44,2.731,5.45,1.55,4.31,3.907,23.182,35.121,0.47163,0.791,0.692,0.022,0.8,0.859,0.229,0.239,1.8,62.21,0.079,0.505,55,1,0.59,1,0,0,0,2.2,6.36,6,1,0.77,0.79,0.86,0.02,,0.65,1.7,36,21,0.242,0.5,,302,951.6,,11.579,132.905,70.732,1879,0.14,1284.27,18459.8,1743.4,3831.88,3381.39,254.24,716.92,554.74,273.88,,88.6,48.55,,,7.57,,,,
Ba,56,2,,,2,5.028,5.028,5.028,2.15,2.53,1.26,1.35,2.15,2.243,3.35,1.44,3.402,5.23,10.036,36.878,0.14462,1.872,1.569,0.083,1.9,1.925,0.614,0.645,2.5,52.145,0.119,0.348,56,2,1.48,2,0,0,0,2.85,7.58,6,2,1.08,0.89,0.97,0.103,,4.86,12.8,18,34,0.205,0.29,20.6,998,1910,,6.299,137.327,39.125,3510,,125552.24,19311.97,1823.62,473.23,369.32,2743.17,793.95,624.77,33.42,,111.27,67.17,,,11.44,,,,
La,57,,1,2,,3.772,3.772,12.144,1.95,2.47,1.06,1.032,2.07,1.877,2.42,1.34,3.08,5.596,11.097,19.25,0.47163,4.482,4.182,0.066,4.47,4.927,1.196,1.248,3.5,35.943,0.132,0.141,57,3,2.61,2,0,1,0,2.85,9.31,6,3,1.35,1.1,1.08,0.243,,14.9,37.9,13,61.5,0.195,0.16,12.1,1193,3730,0.28,3.741,138.906,22.601,6146,363,13348.31,2176.72,1969.73,4313.14,3836.14,2944.87,865.44,689.24,38.58,,127.4,79.28,13.57,,12.71,,,,
Ce,58,,2,,1,3.62,3.62,5.99,1.85,2.47,1.05,1.1,2.04,1.715,2.4,1.23,4.5,5.489,10.889,20.176,0.65,4.399,4.139,0.057,4.32,5.934,1.186,1.248,2.9,36.554,0.134,0.141,58,3,3.96,2,0,1,1,2.85,10.8,6,3,1.1,1.12,1.06,0.239,,13.5,33.5,11,74,0.192,0.14,6.3,1071,3699,0.24,3.478,140.116,20.947,6689,412,13526.57,2127.39,19896.65,4522.62,432.53,3116.59,96.99,724.25,43.13,32.45,131.75,81.74,13.51,,12.88,,,,
Pr,59,,2,,,3.6725,3.6725,11.8354,1.85,2.47,1.04,0.99,2.03,1.828,2.39,1.2,4.48,5.439,10.587,21.736,0.962,3.698,3.713,0.072,3.7,4.777,1.196,1.248,2.8,37.762,0.124,0.155,59,3,2.68,2,0,0,3,2.85,7.75,6,3,1.1,1.13,1.07,0.306,28.8,14.8,37.3,13,70,0.193,0.14,6.7,1204,3785,0.28,3.456,140.908,21.221,6640,481,14128.66,21867.92,2713.3,474.33,421.27,326.96,92.98,732.3,399.45,14.92,124.63,74.81,,,11.97,,,,
Nd,60,,2,,,3.658,3.658,11.799,1.85,2.06,1.03,0.983,2.01,1.821,2.37,1.17,3.99,5.509,10.754,22.131,1.916,3.407,3.411,0.074,3.4,4.765,1.196,1.248,3.2,38.394,0.135,0.18,60,3,2.73,2,0,0,4,2.85,9.31,6,3,1.2,1.14,1.07,0.327,31.8,16.3,41.4,17,64.3,0.19,0.16,9.6,1294,3341,0.28,3.418,144.24,20.577,7010,265,145163.36,22751.35,21572.29,4919.35,443.18,3437.93,961.62,766.14,42.87,17.26,128.36,76.78,,,12.96,,,,
Pm,61,,,,,,,,1.85,2.05,1.02,0.97,1.99,1.81,2.35,1.13,3.99,5.569,10.941,22.256,0.129,3.12,2.6,0.08,3,4.747,1.196,1.248,3.1,38.766,0.088,0.127,61,3,2.78,2,0,0,5,2.85,9.4,6,3,1.15,1.15,1.07,0.35,33,18,46,15,75,,0.13,11,1441,3000,0.28,3.36,144.91,19.96145374,7264,,15286.57,23651.14,22447.67,5137.43,467.81,3617.84,12.19,8.48,442.21,19.25,131.95,78.63,,,12.22,,,,
Sm,62,,,,,3.621,3.621,26.25,1.85,2.38,1.01,0.958,1.98,1.802,2.33,1.11,4.14,5.649,11.107,23.764,0.162,2.15,1.714,0.088,2.14,4.716,1.186,1.248,2.7,40.52,0.031,0.087,62,3,2.8,2,0,0,6,2.85,8.01,6,3,1.2,1.17,1.07,0.294,37.8,19.5,49.7,13,94,0.196,,12.7,1345,2064,0.27,3.318,150.36,20.449,7353,441,155498.46,24567.2,23339.4,5358.76,4815.79,38.83,142.76,833.91,462.98,2.94,135.44,8.38,,,12.33,,,,
Eu,63,2,,,3,4.581,4.581,4.581,1.85,2.31,1.01,1.17,1.98,1.799,2.29,1.1,3.94,5.69,11.294,25.22,0.864,1.823,1.83,0.097,1.86,10.27,0.614,0.655,2.5,42.204,0.129,0.233,63,3,2.86,2,0,0,7,2.85,8.11,6,3,1.15,1.15,1.01,0.147,8.3,7.9,18.2,14,90,0.182,0.11,35,1095,1870,0.15,4.813,151.964,28.979,5244,,16798.97,25499.96,24247.76,5583.47,527.11,3987.69,183.44,867.83,483.89,22.38,138.85,82.75,,,12.44,,,,
Gd,64,3,2,,3,3.636,3.636,5.7826,1.8,2.33,1,0.938,1.96,1.802,2.22,1.09,3.91,6.161,12.334,20.79,0.137,4.134,3.13,0.104,4.14,14.083,1.196,1.248,3.1,39.285,0.127,0.144,64,3,2.91,2,0,1,7,2.85,8.22,6,3,1.1,1.2,1.11,0.383,37.9,21.8,54.8,11,131,0.24,0.077,9.4,1585,3539,0.26,3.31,157.25,19.903,7901,,166213.96,26477.22,252.16,5842.73,5272.79,427.17,1152.55,929.79,531.97,47.24,154.66,94.11,12.23,,13.81,,,,
Tb,65,3,,,3,3.601,3.601,5.6936,1.75,2.25,0.99,0.923,1.94,1.782,2.2,1.08,3.89,5.87,11.565,22.069,1.165,4.042,4.066,0.112,4.05,4.578,1.196,1.248,3.1,39.503,0.132,0.256,65,3,2.97,2,0,0,9,2.85,8.3,6,3,1.2,1.2,1.1,0.399,38.7,22.1,55.7,11,115,0.182,0.083,10.3,1633,3396,0.26,3.213,158.925,19.336,8219,677,171666.53,27415.48,26114.48,643.42,546.17,4369.62,1165.43,936.12,525.74,24.65,145.55,85.32,,,12.66,,,,
Dy,66,3,,,3,3.593,3.593,5.6537,1.75,2.28,0.98,1.7,1.92,1.773,2.18,1.07,3.67,5.951,11.71,23.192,0.352,3.02,3.047,0.115,3.04,4.6,1.196,1.248,3.1,40.853,0.133,0.266,66,3,3,2,0,0,10,2.85,8.34,6,3,1.15,1.22,1.1,0.384,40.5,24.7,61.4,11,92.6,0.167,0.11,10,1680,2835,0.25,3.152,162.5,19.004,8551,500,177233.61,28398.35,2772.94,6278.79,5681.92,4566.29,126.85,97.59,546.76,25.6,148.84,86.87,,,12.77,,,,
Ho,67,3,,,3,3.5773,3.5773,5.6158,1.75,2.26,0.97,0.91,1.92,1.766,2.19,1.04,3.65,6.04,11.846,23.098,0.338,3.128,3.151,0.177,3.14,4.578,1.196,1.248,3.1,40.984,0.134,0.159,67,3,3.03,2,0,0,11,2.85,8.44,6,3,1.2,1.23,1.1,0.397,40,26.3,64.8,16,81.4,0.165,0.11,11.2,1743,2968,0.23,3.112,164.93,18.753,8795,746,182889.67,29398.94,2848.17,6517.84,597.34,4765.96,1248.66,15.32,567.93,26.22,152.12,88.5,,,12.87,,,,
Er,68,3,,,3,3.5588,3.5588,5.5874,1.75,2.26,0.96,0.89,1.89,1.757,2.15,1.02,3.63,6.121,11.97,22.953,0.312,3.298,2.912,0.207,3.29,4.567,1.196,1.248,3.1,41.045,0.135,0.149,68,3,3.06,2,0,0,12,2.85,8.48,6,3,1.2,1.24,1.11,0.411,44.4,28.3,69.9,15,86,0.168,0.12,12.2,1795,3136,0.24,3.064,167.259,18.449,9066,814,188634.54,3414.48,294.22,676.6,6136.49,4969.44,129.73,14.34,589.18,26.79,155.39,89.92,,,12.97,,,,
Tm,69,3,,,3,3.5375,3.5375,5.5546,1.75,2.22,0.95,1.3,1.9,1.746,2.03,1.01,3.6,6.202,12.095,23.972,1.029,2.415,2.569,0.175,2.42,4.478,1.186,1.986,3.1,42.269,0.143,0.283,69,3,3.12,2,0,0,13,2.85,8.58,6,3,1.2,1.25,1.11,0.4,44.5,30.5,74,17,67.6,0.16,0.14,13.3,1818,2220,0.21,3.01,168.934,18.126,9321,471,194468.42,31447.8,349.97,77.92,6369.17,5176.49,1333.24,175.69,61.66,27.22,158.65,91.42,,,13.72,,,,
Yb,70,1,2,,1,5.4847,5.4847,5.4847,1.75,2.22,0.94,1.2,1.87,1.74,1.99,1,3.59,6.275,12.21,25.043,-0.02,1.584,1.654,0.08,1.6,1.529,0.624,0.676,2.6,43.528,0.137,0.286,70,3,3.16,2,0,0,14,2.85,8.59,6,3,1.1,1.1,1.06,0.133,30.5,9.9,23.9,34.9,25,0.154,0.36,26.3,1097,1466,0.21,4.128,173.04,26.339,6570,343,2391.29,32497.98,3174.83,7257.37,665.64,5387.15,1376.16,1111.37,632.28,27.54,161.91,92.9,,,13.17,,,,
Lu,71,3,,,3,3.5031,3.5031,5.5509,1.75,2.17,0.93,0.861,1.87,1.734,1.94,0.99,3.37,5.444,13.946,21.362,0.346,4.447,4.451,0.229,4.43,4.52,1.227,1.3,3.1,40.752,0.104,0.155,71,3,3.23,2,0,1,14,3,8.8,6,3,1.2,1.27,1.14,0.411,47.6,27.2,68.6,16,58,0.154,0.18,10,1929,3668,0.26,2.95,174.967,17.779,9841,893,26431.28,33595.24,32147.22,7544.46,6878.73,5633.95,145.32,1177.97,683.98,54.62,18.83,16.92,9.97,,14.91,,,,
Hf,72,3,2,,3,3.1964,3.1964,5.0511,1.55,2.08,0.8,0.71,1.75,1.58,1.88,0.97,2.91,7.024,14.955,23.379,0.017,6.44,5.935,0.265,6.44,9.954,1.778,1.872,3.9,45.359,0.144,0.173,72,4,4.94,2,0,2,0,3.15,9.16,6,4,1.73,1.3,1.23,1.09,109,56,141,23,34,0.144,0.33,5.9,2495,5470,0.37,2.241,178.49,13.4102,13310,1700,212562.69,34712.17,33239.14,7838.73,7158.99,5887.64,1527.27,1247.23,738.14,83.85,197.99,119.86,13.83,,16.63,,,,
Ta,73,2,,,2,3.3013,3.3013,3.3013,1.45,2,0.77,0.72,1.7,1.467,1.7,0.95,2.79,7.918,16.255,22.079,0.323,8.133,7.885,0.374,8.1,11.856,2.257,2.34,4.1,46.252,0.176,0.182,73,5,7.04,2,0,3,0,3.3,9.53,6,5,1.94,1.5,1.33,2,196.3,69.2,185.7,57,13.5,0.14,0.77,6.3,3273,5698,0.34,1.801,180.948,10.8677,16650,800,218785.71,35848.92,3435.81,814.24,7446.24,6148.32,167.52,1319.21,794.79,115.32,213.83,132.36,17.54,,16.89,,,,
W,74,2,,,2,3.1652,3.1652,3.1652,1.35,1.93,0.75,0.66,1.62,1.408,1.5,0.92,2.735,8.008,17.763,24.086,0.81626,8.834,8.572,0.364,8.9,12.96,2.423,2.6,4.5,49.858,0.181,0.221,74,6,8.7,2,0,4,0,4.35,9.85,6,6,1.79,2.36,1.4,3.232,311,160.6,411,174,5.4,0.132,2,4.5,3683,5930,0.28,1.586,183.84,9.5501,19250,2570,2251.28,375.4,35482.11,8448.83,774.59,6415.84,1689.5,1393.76,853.82,149.12,23.39,144.66,21.21,,17.44,,,,
Re,75,3,,,3,2.761,2.761,4.456,1.35,1.88,0.72,0.63,1.51,1.375,1.36,0.83,2.68,7.907,16.661,26.094,0.060396,8.007,7.324,0.343,8.03,12.444,2.257,2.392,5,50.662,0.187,0.259,75,7,12.3,2,0,5,0,3.6,10.12,6,7,2.06,1.9,1.46,3.72,334,181,466,48,18,0.137,0.56,6.2,3453,5900,0.3,1.47,186.207,8.85856,21020,1320,23156.35,38181.51,36632.97,8764.35,841.79,669.74,1774.45,147.73,915.78,185.14,246.86,156.85,24.87,,17.97,,,,
Os,76,3,,,3,2.7344,2.7344,4.3173,1.3,1.85,0.69,0.63,1.44,1.353,1.31,0.81,2.65,8.73,16.962,25.095,1.1,8.226,7.676,0.322,8.17,11.22,2.101,2.184,4.7,50.787,0.191,0.297,76,8,4.8,2,0,6,0,3.75,10.32,6,8,1.85,2.2,1.52,4.18,373,223,559,88,8.1,0.13,1.2,5.1,3318,5300,0.25,1.391,190.23,8.421,22590,3920,2383.71,39377.15,3783.28,986.67,8349.72,697.88,1861.78,1549.97,978.47,223.19,263.3,168.98,28.54,,18.41,,,,
Ir,77,1,,,1,3.839,3.839,3.839,1.35,1.8,0.81,0.68,1.41,1.357,1.24,0.79,2.628,9.131,17.066,27.102,1.56436,6.919,6.366,0.27,6.94,8.864,1.851,1.976,5.3,53.3,0.196,0.335,77,9,5.89,2,0,7,0,3.9,10.57,6,9,1.87,2.2,1.55,3.55,371,209,528,150,4.7,0.131,2.1,6.4,2683,4403,0.26,1.414,192.217,8.5203,22560,1670,244592.44,4592.25,38992.96,9415.69,8664.27,7258.18,1951.37,1631.42,143.93,263.32,279.73,181.91,32.23,,18.8,,,,
Pt,78,1,,,1,3.9242,3.9242,3.9242,1.35,1.77,0.9,0.8,1.36,1.387,3.24,1.26,2.7,9.031,18.626,29.11,2.1251,5.879,4.878,0.208,5.84,6.057,1.581,1.664,5.6,56.767,0.161,0.274,78,10,6.15,1,0,9,0,4.05,10.75,6,10,1.91,2.28,1.44,2.783,276,60.9,170,72,10.6,0.133,0.94,8.9,2045,4100,0.38,1.511,195.078,9.0948,21090,392,251259.28,41813.27,4188.51,9737.97,8972.3,7538.49,229.87,171.66,198.27,292.13,283.74,181.18,26.32,,15.51,,,,
Au,79,1,,,1,4.0782,4.0782,4.0782,1.35,1.74,1.11,1.37,1.36,1.442,2.92,1.3,2.66,9.257,20.519,30.108,2.30861,3.807,3.568,0.13,3.81,3.274,1.03,1.04,5.1,59.884,0.163,0.305,79,11,0.73,1,0,10,0,4.2,10.94,6,11,1.19,2.54,1.42,1.732,171,26,78.5,320,2.2,0.1291,4.5,14.2,1337,3080,0.44,1.697,196.966,10.21,19300,2450,25829.64,4366.25,41415.93,179.28,9298.75,7837.67,2122.92,1786.49,1166.53,335.27,299.42,192.55,29.32,,15.69,,,,
Hg,80,5,,,,3.005,3.005,3.005,1.5,1.71,0.97,1.2,1.32,1.573,2.39,1.4,2.41,10.473,18.814,34.32,-0.52,0.638,0.615,0.024,0.67,0.304,0.489,0.416,4.5,63.606,0.205,0.453,80,12,1.82,2,0,10,0,4.35,11.15,6,12,1.49,2,1.44,0.382,,,,8.3,96,0.1395,0.1,181,234,629.73,,2.316,200.59,14.8213,13534,,26496.23,44353.72,42677.76,1442.18,9646.93,8158.22,2232.97,1888.95,1251.85,395.22,329.18,217.5,43.51,,19.72,,,,
Tl,81,3,2,,3,3.4566,3.4566,5.5248,1.9,1.56,0.9,1.45,1.45,1.716,2.29,1.53,2.235,6.129,20.498,29.921,0.377,1.895,1.727,0.044,1.88,2.367,0.562,0.458,3.7,56.548,0.102,0.203,81,3,3.16,2,1,0,0,5,12.25,6,3,1.69,1.62,1.44,0.359,28.5,2.71,7.9,46,15,0.129,0.67,29.9,577,1730,0.45,2.841,204.383,17.2473,11850,26.4,271881.67,45668.59,43966.92,1819.44,19.55,8493.16,2353.3,1999.72,1347.46,464.98,366.49,249.88,64.86,,27.46,9.76,,,
Pb,82,1,,,1,4.9508,4.9508,4.9508,1.8,1.54,0.83,1.19,1.46,1.75,2.32,1.43,2.09,7.441,15.08,32.042,0.356743,2.028,1.849,0.05,2.03,3.715,0.593,0.499,4,54.564,0.142,0.357,82,4,4.77,2,2,0,0,5.65,12.29,6,4,1.92,2.33,1.55,0.43,45.8,5.59,16.1,35,21,0.127,0.48,28.9,601,2013,0.44,3.034,207.2,18.272,11340,38.3,278949.81,474.17,45276.72,1124.55,1379.85,8835.57,2476.28,2114.48,1445.19,537.74,44.5,282.85,86.77,,34.34,13.64,,,
Bi,83,7,,,7,6.674,6.117,3.304,1.6,1.43,0.77,1.3,1.48,1.7,2.25,1.38,1.997,7.314,16.744,25.646,0.942362,2.154,1.863,0.113,2.18,3.898,0.52,0.416,4.4,49.705,0.052,0.18,83,5,6.76,2,3,0,0,6.3,13.34,6,5,2.14,2.02,1.67,0.315,,12.8,34,8,130,0.122,,13.4,544,1883,0.33,3.538,208.98,21.368,9780,94.2,28611.67,4836.65,4667.34,11597.5,1758.19,9185.82,262.92,2232.56,1546.62,613.73,443.46,316.7,19.56,,4.97,17.33,,,
Po,84,,,,,3.359,3.359,3.359,1.9,1.35,0.56,0.94,1.4,1.76,2.11,1.3,1.9,8.509,19.074,27.747,1.9,1.518,1.048,0.135,1.5,,,,4.8,55.33,0.031,0.494,84,6,,2,4,0,0,6.95,14.22,6,6,2.4,2,1.76,0.26,,,,20,40,,0.23,,527,1235,,3.743,208.98,22.72727273,9196,,293364.28,49738.62,47958.84,11998.43,11144.75,9543.85,2732.94,2353.97,1651.28,692.93,483.48,351.48,133.31,,47.45,2.96,,,
At,85,,,,,,,,,1.27,0.51,,1.5,1.59,1.89,1.26,1.83,9.63,18.065,30.108,2.3,0.946,0.52,0.062,1,,,,,57.803,0.255,0.56,85,7,,2,5,0,0,7.6,15.16,6,7,2.64,2.2,1.96,0.035,,,,1.7,,,,,575,610,,5.75,210,,,,371.63,51136.38,49331.18,1247.26,11537.98,999.65,2866.3,2478.68,1759.15,775.33,524.36,387.22,158.54,,53.86,24.56,,,
Rn,86,,,,,,,,,1.2,0.5,,1.5,1.4,1.59,1.23,1.88,10.785,20.072,30.108,-0.725,,0.188,0.031,0.2,,,,,60.965,0.065,0.293,86,8,,2,6,0,0,8.25,16.08,6,8,0.05,,,0.022,,,,0.00361,,0.09365,,,202,211.4,,8.25,222,22816.03289,9.73,,38149.64,52555.57,5724.33,12823.96,11939.7,1283.17,32.96,266.63,187.19,86.9,566.32,423.91,183.78,,6.25,28.19,,,
Fr,87,,,,,,,,,,1.74,,2.6,2.8,6,1.61,4.37,3.9,22.079,32.115,0.486,0.757,0.572,0.021,0.75,,,,1.8,58.094,0.076,0.093,87,1,,1,0,0,0,2.2,8,7,1,0.7,0.7,0.86,0.02,,,,15,,,,,300,950,,13,223,,,,315698.44,5412.54,52155.22,13265.35,12366.78,1681.27,3159.71,2754.63,21.2,966.48,625.92,478.2,227.18,,8.95,44.83,,,7.32
Ra,88,,,,,5.148,5.148,5.148,2.15,,1.34,,2.21,2.26,3.45,1.48,3.53,5.295,10.14,34.122,0.1,1.654,1.422,0.083,1.66,,,,3.2,49.557,0.02,0.124,88,2,,2,0,0,0,1.65,9,7,2,0.9,0.9,0.97,0.132,,,,19,100,0.092,0.1,,973,1413,,6.822,226.025,45.2,5000,,32334.54,5549.58,5367.4,13714.66,128.31,1187.16,3319.77,295.89,2135.4,175.13,686.46,533.38,271.14,,11.91,61.26,,,1.94
Ac,89,,,,,5.67,5.67,5.67,1.95,,1.14,,2.15,1.878,2.63,1.16,3.12,4.936,11.076,16.994,0.35,4.222,3.047,0.146,4.25,4.106,,,2.7,33.005,0.127,0.138,89,3,,2,0,1,0,1.8,9,7,3,1.1,1.1,1,0.25,,,,12,,0.12,,,1323,3470,,4.557,227.028,22.54220457,10070,,33168.35,56982.97,5573.34,14165.45,13236,11494.4,3476.76,354.24,2266.45,118.6,741.64,583.18,39.88,,115.94,71.59,13.25,,12.17
Th,90,,,,,5.0842,5.0842,5.0842,1.8,,1.11,,2.06,1.798,2.24,1.1,4.98,5.639,11.939,18.72,1.17,6.222,5.342,0.166,6.2,7.411,1.591,1.664,3.3,36.298,0.142,0.173,90,3,,2,0,2,0,1.95,9,7,3,1.3,1.3,1.11,0.543,54,30.8,78.3,54,15,0.118,0.67,11,2020,5060,0.27,3.295,232.038,19.7917,11724,400,338888.37,58495.28,56559.43,14623.52,13678.44,1198.37,3635.98,324.35,2399.54,1288.21,796.83,632.96,348.63,,128.25,81.43,16.62,,13.65
Pa,91,,,,,3.925,3.925,3.238,1.8,,1.08,,2,1.63,1.89,1.06,4.96,5.353,11.502,17.815,0.55,6.313,5.002,0.156,6.7,9.517,,,,34.67,0.036,0.13,91,3,,2,0,1,2,1.8,9,7,3,1.5,1.5,1.14,0.76,,,,47,18,0.0991,0.56,,2113,4300,,2.503,231.036,15.0316,15370,,346762.85,59987.54,5825.99,1544.88,1485.16,12286.66,3756.23,3315.67,2493.57,1356.32,813.79,645.18,351.92,3.46,123.77,76.9,13.8,,12.47
U,92,,,,,2.8537,5.8695,4.9548,1.75,,1.05,,1.96,1.56,1.74,1.01,4.72,5.433,11.669,18.148,0.53,5.57,4.338,0.146,5.55,11.294,1.56,1.612,3.3,35.25,0.131,0.143,92,3,,2,0,1,3,1.8,9,7,3,1.7,1.38,1.22,0.987,97.7,73.1,175.8,27.6,28,0.116,0.36,13.9,1406,4018,0.23,2.073,238.029,12.495,19050,2400,354745.69,61517.19,59529.67,15492.12,14517.3,1269.14,3896.93,3447.43,268.12,1444.95,848.48,674.82,371.75,35.24,127.5,79.92,13.77,,12.59
Np,93,,,,,6.663,4.723,4.887,1.75,,1.04,,1.9,1.555,1.63,1,4.93,5.512,11.846,18.429,0.48,4.753,3.501,0.104,4.2,12.896,,,,35.786,,,,3,,2,0,1,4,1.8,9,7,3,1.3,1.36,1.22,0.68,,,,6,120,,0.083,,913,4175,,1.922,237.048,11.58924205,20450,,,,,,,,,,,,,,,,,,,,
Pu,94,,,,,6.183,4.822,10.963,1.75,,1.03,,1.87,1.58,1.6,1,4.91,5.13,11.232,20.769,-0.5,3.619,3.572,,3.6,14.321,1.529,1.602,,37.131,,,,3,,2,0,0,6,1.65,9,7,3,1.3,1.28,1.22,0.54,,34.5,87.5,6,150,,0.067,,914,3505,0.21,2,244,12.3132822,19816,,,,,,,,,,,,,,,,,,,,
Am,95,,,,,3.4681,3.4681,11.241,1.75,,1.02,,1.8,1.81,1.62,1,4.89,5.674,12.189,18.886,0.1,2.766,2.48,,2.73,,,,,36.749,,,,3,,2,0,0,7,4.65,9,7,3,1.3,1.3,1.2,,,,,10,,,,,1267,2880,,2.927,243,17.77615216,13670,,,,,,,,,,,,,,,,,,,,
Cm,96,,,,,3.496,3.496,11.331,,,1.01,,1.69,1.81,1.9,0.96,4.87,5.687,12.407,19.022,0.28,3.973,3.741,,3.86,,,,,37.116,,,,3,,3,0,0,7,1.8,9,7,3,1.3,1.3,1.2,,,,,10,,,,,600,1440,,2.998,247,18.28275352,13510,,,,,,,,,,,,,,,,,,,,
Bk,97,,,,,3.416,3.416,11.069,,,1,,,1.81,1.69,1.04,5,5.512,12.615,19.334,-1.72,3.026,3.744,,3.9,,,,,37.461,,,,3,,2,0,0,9,1.65,9,7,3,1.3,1.3,1.2,,,,,10,,,,,1323,3000,,2.818,247,16.71177267,14780,,,,,,,,,,,,,,,,,,,,
Cf,98,,,,,3.38,3.38,11.025,,,0.99,,,1.81,1.74,1.03,5.02,5.428,11.866,22.391,-1.01,1.82,3.744,,3.9,,,,,39.685,,,,3,,2,0,0,10,1.65,9,7,3,1.3,1.3,1.2,,,,,10,,,,,1173,2800,,2.727,251,16.62251656,15100,,,,,,,,,,,,,,,,,,,,
Es,99,,,,,,,,,,0.98,,,1.81,1.68,1.02,5.04,5.498,12.022,23.431,-0.3,1.56,3.744,,3.9,,,,,40.952,,,,3,,2,0,0,11,1.65,9,7,3,1.3,1.3,1.2,,,,,10,,,,,1133,2750,,2.8,252,,,,,,,,,,,,,,,,,,,,,,
Fm,100,,,,,,,,,,0.97,,,1.81,1.7,1.02,5.06,5.57,12.178,24.44,0.35,1.466,3.744,,3.9,,,,,42.189,,,,3,,2,0,0,12,1.65,9,7,3,1.3,1.3,1.2,,,,,10,,,,,1800,3800,,2.8,257,,,,,,,,,,,,,,,,,,,,,,
